,user_id,appid,Assuming_Ratings
0,0,10,2
1,0,20,1
2,0,30,2
3,0,50,2
4,0,60,5
5,0,70,5
6,0,130,2
7,0,220,5
8,0,240,2
9,0,280,5
10,0,300,2
11,0,320,5
12,0,340,2
13,0,380,4
14,0,400,3
15,0,500,5
16,0,550,5
17,0,620,5
18,0,730,2
19,0,583950,2
20,0,1520,2
21,0,3830,2
22,0,3480,2
23,0,2600,2
24,0,6910,2
25,0,6920,1
26,0,7200,1
27,0,475150,1
28,0,2280,1
29,0,2310,1
30,0,2200,2
31,0,4500,4
32,0,7940,1
33,0,12140,3
34,0,12100,3
35,0,12120,2
36,0,12500,1
37,0,13250,4
38,0,13240,1
39,0,13200,1
40,0,13210,4
41,0,19900,4
42,0,20510,3
43,0,17300,4
44,0,17330,5
45,0,20900,5
46,0,22000,2
47,0,3540,1
48,0,22300,3
49,0,13600,2
50,0,17460,1
51,0,17470,5
52,0,17410,2
53,0,26000,5
54,0,22180,5
55,0,24740,2
56,0,3590,4
57,0,1250,5
58,0,25900,5
59,0,22330,2
60,0,16810,5
61,0,409710,2
62,0,11360,5
63,0,35700,3
64,0,6010,1
65,0,32340,5
66,0,6000,1
67,0,32360,5
68,0,35140,5
69,0,29180,5
70,0,38400,5
71,0,15520,2
72,0,32370,2
73,0,21690,2
74,0,6020,2
75,0,6030,1
76,0,32380,2
77,0,32400,2
78,0,40300,2
79,0,37600,4
80,0,40700,1
81,0,41500,3
82,0,40400,2
83,0,41000,2
84,0,32440,1
85,0,22370,2
86,0,24980,5
87,0,41700,2
88,0,33230,1
89,0,48700,1
90,0,20820,5
91,0,24960,5
92,0,8190,3
93,0,49600,1
94,0,4920,5
95,0,8930,2
96,0,22380,5
97,0,24780,2
98,0,50130,1
99,0,22600,1
100,0,62100,2
101,0,70400,2
102,0,70300,5
103,0,67000,5
104,0,47810,2
105,0,78000,3
106,0,42910,3
107,0,92800,5
108,0,99700,5
109,0,18500,5
110,0,35460,5
111,0,38700,5
112,0,38720,5
113,0,57300,5
114,0,63700,5
115,0,91600,5
116,0,9200,2
117,0,95300,5
118,0,35480,4
119,0,105600,3
120,0,98200,1
121,0,49470,5
122,0,55110,3
123,0,94200,5
124,0,107300,2
125,0,55230,1
126,0,48000,2
127,0,72850,3
128,0,107100,5
129,0,112100,5
130,0,61700,2
131,0,41070,2
132,0,98400,2
133,0,24240,1
134,0,113200,4
135,0,102600,4
136,0,80310,3
137,0,201290,1
138,0,48240,5
139,0,200900,5
140,0,203510,4
141,0,105800,2
142,0,203770,2
143,0,108710,2
144,0,205730,2
145,0,204060,5
146,0,209370,4
147,0,200710,5
148,0,208140,5
149,0,108800,5
150,0,200010,1
151,0,50300,5
152,0,57900,1
153,0,97330,1
154,0,63710,4
155,0,20530,4
156,0,667720,3
157,0,205100,5
158,0,207400,4
159,0,208580,5
160,0,214830,1
161,0,212680,3
162,0,204360,2
163,0,49520,1
164,0,219150,4
165,0,208200,1
166,0,219640,2
167,0,8870,5
168,0,200510,4
169,0,214610,2
170,0,218410,2
171,0,221020,1
172,0,220240,2
173,0,224960,2
174,0,221640,4
175,0,223510,1
176,0,209950,3
177,0,220700,2
178,0,218060,5
179,0,228280,1
180,0,221810,2
181,0,219680,4
182,0,219890,5
183,0,11020,2
184,0,99900,5
185,0,200210,2
186,0,230410,2
187,0,238960,5
188,0,220200,1
189,0,228760,1
190,0,233450,1
191,0,230700,1
192,0,234900,1
193,0,233550,2
194,0,230980,2
195,0,113020,2
196,0,224760,2
197,0,234650,2
198,0,21980,5
199,0,238210,2
200,0,230190,1
201,0,206190,1
202,0,231160,5
203,0,241600,3
204,0,236850,1
205,0,206420,5
206,0,242820,2
207,0,242920,2
208,0,217140,1
209,0,39140,1
210,0,243360,1
211,0,201420,2
212,0,247020,2
213,0,225080,2
214,0,239030,5
215,0,209000,3
216,0,237630,2
217,0,248190,2
218,0,232430,4
219,0,249590,1
220,0,226960,2
221,0,239200,2
222,0,250180,1
223,0,250260,2
224,0,250760,1
225,0,250900,1
226,0,251570,2
227,0,251990,1
228,0,252030,1
229,0,252490,1
230,0,252690,1
231,0,253790,2
232,0,233130,2
233,0,219990,2
234,0,213670,4
235,0,257690,5
236,0,257850,1
237,0,235800,1
238,0,238010,2
239,0,94400,1
240,0,221910,5
241,0,246580,2
242,0,262060,3
243,0,262150,1
244,0,39210,1
245,0,264240,2
246,0,264710,5
247,0,265690,5
248,0,265890,5
249,0,266010,3
250,0,237990,5
251,0,39150,2
252,0,267360,3
253,0,211820,2
254,0,373420,1
255,0,268910,2
256,0,235460,1
257,0,271590,2
258,0,236430,5
259,0,232790,5
260,0,272040,2
261,0,272270,5
262,0,274170,1
263,0,274190,2
264,0,275850,2
265,0,235210,1
266,0,281990,4
267,0,282140,5
268,0,283640,1
269,0,286160,2
270,0,286690,2
271,0,287700,2
272,0,287980,2
273,0,288160,2
274,0,290260,5
275,0,291410,1
276,0,291860,2
277,0,294100,5
278,0,201810,5
279,0,295790,1
280,0,296490,2
281,0,238460,2
282,0,237930,5
283,0,300570,2
284,0,292120,1
285,0,292140,1
286,0,287390,2
287,0,303210,3
288,0,244160,2
289,0,304410,3
290,0,304430,2
291,0,304930,1
292,0,311340,3
293,0,311690,1
294,0,221540,1
295,0,316790,1
296,0,321480,2
297,0,321800,1
298,0,322500,1
299,0,258520,5
300,0,323190,2
301,0,239140,2
302,0,326520,5
303,0,289130,2
304,0,308420,2
305,0,332200,5
306,0,335300,1
307,0,257510,5
308,0,319630,5
309,0,304650,2
310,0,343860,3
311,0,346900,2
312,0,348250,5
313,0,291650,2
314,0,255710,2
315,0,357190,2
316,0,359870,1
317,0,232090,1
318,0,362890,1
319,0,363890,2
320,0,363970,5
321,0,367520,5
322,0,368370,2
323,0,370360,2
324,0,243970,1
325,0,322330,2
326,0,292030,5
327,0,377160,4
328,0,327140,5
329,0,412740,5
330,0,414120,1
331,0,418650,2
332,0,383870,3
333,0,385560,5
334,0,386620,5
335,0,387290,5
336,0,388210,2
337,0,391540,4
338,0,392160,1
339,0,225540,1
340,0,337000,5
341,0,411300,2
342,0,412830,1
343,0,375910,1
344,0,416450,1
345,0,423580,2
346,0,427520,5
347,0,210970,5
348,0,431240,3
349,0,431960,2
350,0,394160,2
351,0,268500,1
352,0,442070,2
353,0,374320,2
354,0,448510,5
355,0,448850,5
356,0,450390,5
357,0,457140,2
358,0,465240,5
359,0,466300,1
360,0,379720,3
361,0,469610,1
362,0,475190,5
363,0,489830,2
364,0,499520,1
365,0,501300,5
366,0,504210,5
367,0,512790,5
368,0,518580,2
369,0,289070,1
370,0,531640,5
371,0,403640,3
372,0,535930,1
373,0,480490,3
374,0,362960,4
375,0,548430,1
376,0,493340,1
377,0,552440,2
378,0,557600,2
379,0,558990,2
380,0,571310,1
381,0,576030,1
382,0,578080,1
383,0,582010,1
384,0,588650,4
385,0,595520,2
386,0,524220,5
387,0,597220,1
388,0,611670,1
389,0,617830,2
390,0,620980,1
391,0,627690,1
392,0,629910,1
393,0,632360,1
394,0,644080,1
395,0,646570,5
396,0,653530,5
397,0,671440,2
398,0,684410,2
399,0,414340,2
400,0,584400,5
401,0,240720,1
402,0,435150,4
403,0,716490,5
404,0,736260,5
405,0,751780,3
406,0,774461,1
407,0,488790,3
408,0,637650,2
409,0,814380,5
410,0,590380,2
411,0,342180,2
412,0,742120,1
413,0,570940,1
414,0,848350,5
415,0,440900,2
416,0,863550,2
417,0,544750,2
418,0,638970,1
419,0,883710,2
420,0,392110,1
421,0,973760,1
422,0,449960,3
423,0,519860,2
424,0,359320,1
425,0,12210,1
426,1,4000,5
427,1,550,2
428,1,8930,4
429,1,620,5
430,1,105600,5
431,1,96100,2
432,1,112100,1
433,1,113200,2
434,1,99700,1
435,1,204060,1
436,1,209790,1
437,1,204360,3
438,1,72850,2
439,1,109600,3
440,1,207230,1
441,1,212070,2
442,1,230410,3
443,1,236390,5
444,1,238960,2
445,1,240320,1
446,1,248570,1
447,1,220240,3
448,1,218620,3
449,1,239820,2
450,1,252490,4
451,1,253900,4
452,1,234670,2
453,1,211820,2
454,1,269210,3
455,1,283390,5
456,1,287100,1
457,1,433850,5
458,1,206420,3
459,1,301520,2
460,1,304050,1
461,1,304930,2
462,1,227940,1
463,1,272510,1
464,1,238320,4
465,1,331470,5
466,1,335240,5
467,1,250900,5
468,1,319630,5
469,1,271590,5
470,1,298630,2
471,1,255710,5
472,1,322330,5
473,1,393420,1
474,1,225540,3
475,1,431960,5
476,1,281990,2
477,1,292030,5
478,1,578080,2
479,1,359550,2
480,1,696370,2
481,1,304390,3
482,1,730,5
483,1,638070,2
484,1,395170,2
485,1,289070,5
486,2,4000,2
487,2,409710,3
488,2,40700,3
489,2,24800,5
490,2,550,5
491,2,620,5
492,2,105600,2
493,2,20920,2
494,2,96100,5
495,2,3830,3
496,2,108710,5
497,2,204180,3
498,2,41000,5
499,2,41070,5
500,2,201790,5
501,2,230410,3
502,2,224260,2
503,2,8870,5
504,2,210770,3
505,2,72850,2
506,2,242760,5
507,2,251130,3
508,2,251570,5
509,2,251870,3
510,2,253330,3
511,2,253980,4
512,2,254060,2
513,2,233130,4
514,2,49520,5
515,2,221910,5
516,2,261110,2
517,2,263060,2
518,2,211820,3
519,2,269250,2
520,2,8930,5
521,2,271590,4
522,2,213670,4
523,2,282800,1
524,2,286260,2
525,2,286690,2
526,2,287120,2
527,2,274190,4
528,2,294020,3
529,2,294230,2
530,2,294860,2
531,2,295790,3
532,2,238460,5
533,2,299460,5
534,2,301200,2
535,2,301640,3
536,2,304460,5
537,2,304930,5
538,2,729040,3
539,2,311860,2
540,2,313740,3
541,2,315810,4
542,2,65980,2
543,2,323190,5
544,2,323490,3
545,2,323850,2
546,2,238320,5
547,2,326670,1
548,2,261640,4
549,2,329000,2
550,2,289650,1
551,2,15700,3
552,2,333600,4
553,2,282070,5
554,2,257510,5
555,2,250900,2
556,2,319630,5
557,2,339800,2
558,2,340730,4
559,2,342380,2
560,2,343270,3
561,2,343710,2
562,2,326480,2
563,2,344770,4
564,2,346010,2
565,2,347620,5
566,2,348950,3
567,2,287290,3
568,2,335300,3
569,2,353270,5
570,2,354240,2
571,2,351640,3
572,2,255710,1
573,2,409720,3
574,2,356670,3
575,2,730,5
576,2,358750,5
577,2,359390,3
578,2,299740,2
579,2,1250,3
580,2,218640,3
581,2,296830,3
582,2,368160,2
583,2,104200,3
584,2,263980,3
585,2,315430,3
586,2,341500,2
587,2,368370,5
588,2,2500,4
589,2,11200,3
590,2,35700,4
591,2,35720,3
592,2,319910,3
593,2,322330,5
594,2,373770,5
595,2,374040,3
596,2,374320,5
597,2,375200,2
598,2,223470,5
599,2,377680,2
600,2,384300,2
601,2,351970,5
602,2,385800,5
603,2,386480,3
604,2,386940,2
605,2,387340,3
606,2,306040,4
607,2,314020,3
608,2,391540,5
609,2,391720,5
610,2,391420,2
611,2,274560,2
612,2,12100,5
613,2,395170,4
614,2,225540,2
615,2,397570,5
616,2,400240,2
617,2,234140,3
618,2,365450,2
619,2,377160,1
620,2,407980,2
621,2,409380,2
622,2,394510,1
623,2,325120,2
624,2,412830,1
625,2,413410,2
626,2,413420,2
627,2,341310,2
628,2,399790,2
629,2,407230,3
630,2,414700,5
631,2,415480,3
632,2,416080,2
633,2,420110,3
634,2,208650,2
635,2,368500,5
636,2,426000,4
637,2,426690,5
638,2,92100,2
639,2,351490,2
640,2,360380,3
641,2,370510,2
642,2,210970,1
643,2,359550,5
644,2,239140,5
645,2,430960,3
646,2,431960,5
647,2,391220,2
648,2,427980,4
649,2,400910,2
650,2,438180,2
651,2,444220,3
652,2,444480,2
653,2,275850,5
654,2,452440,2
655,2,453100,2
656,2,454690,3
657,2,458730,5
658,2,379720,2
659,2,460120,2
660,2,393380,2
661,2,381210,5
662,2,468310,2
663,2,215510,5
664,2,470210,2
665,2,473460,3
666,2,474960,3
667,2,485730,2
668,2,487430,4
669,2,484950,5
670,2,48000,1
671,2,493650,2
672,2,495890,4
673,2,503300,3
674,2,508190,4
675,2,466240,5
676,2,513570,2
677,2,289070,5
678,2,520520,2
679,2,292030,5
680,2,524850,5
681,2,403640,5
682,2,529590,2
683,2,530620,2
684,2,533300,3
685,2,104900,5
686,2,287700,4
687,2,489830,1
688,2,493340,5
689,2,553640,5
690,2,559610,2
691,2,562220,2
692,2,563560,5
693,2,555220,2
694,2,568220,2
695,2,575510,3
696,2,575550,5
697,2,575640,3
698,2,578080,5
699,2,580170,2
700,2,582270,1
701,2,584980,4
702,2,588970,3
703,2,589590,5
704,2,591420,2
705,2,460930,5
706,2,602520,3
707,2,603190,1
708,2,603260,5
709,2,604450,4
710,2,610360,2
711,2,611980,5
712,2,219640,3
713,2,460790,5
714,2,618720,5
715,2,635730,4
716,2,236150,3
717,2,644570,5
718,2,648800,5
719,2,218620,2
720,2,658850,5
721,2,550080,2
722,2,663390,2
723,2,665180,5
724,2,668630,2
725,2,671510,2
726,2,323580,3
727,2,680320,2
728,2,686190,2
729,2,698780,5
730,2,554620,5
731,2,703700,5
732,2,711990,5
733,2,712050,5
734,2,113020,5
735,2,712840,5
736,2,308040,3
737,2,739000,5
738,2,745850,2
739,2,755790,5
740,2,418370,3
741,2,786520,5
742,2,788130,2
743,2,488790,5
744,2,637650,3
745,2,815370,3
746,2,552520,3
747,2,828070,5
748,2,836480,2
749,2,570940,5
750,2,845070,3
751,2,532210,5
752,2,480490,5
753,2,878750,1
754,2,899970,2
755,2,320240,4
756,2,893180,5
757,2,939960,2
758,3,4000,2
759,3,409710,5
760,3,400,5
761,3,70,5
762,3,130,2
763,3,220,5
764,3,22000,2
765,3,1250,2
766,3,23490,1
767,3,7520,3
768,3,63710,4
769,3,92800,4
770,3,93200,3
771,3,70000,5
772,3,620,5
773,3,105600,5
774,3,102600,5
775,3,63000,2
776,3,113200,2
777,3,102840,5
778,3,115100,3
779,3,201570,2
780,3,22380,5
781,3,204880,3
782,3,65800,2
783,3,108710,3
784,3,115110,3
785,3,205910,3
786,3,214340,5
787,3,204630,3
788,3,730,5
789,3,204300,5
790,3,218640,3
791,3,209670,3
792,3,217690,2
793,3,220860,4
794,3,7510,3
795,3,219150,5
796,3,203350,2
797,3,223470,5
798,3,57690,2
799,3,218740,5
800,3,55230,2
801,3,2280,1
802,3,2300,4
803,3,42910,2
804,3,220700,3
805,3,219200,5
806,3,203160,5
807,3,219890,5
808,3,200210,5
809,3,230410,2
810,3,286100,1
811,3,217920,1
812,3,224500,4
813,3,233450,5
814,3,219190,5
815,3,8870,5
816,3,233720,3
817,3,210770,2
818,3,113020,5
819,3,322330,5
820,3,235250,3
821,3,234940,3
822,3,65930,3
823,3,222730,5
824,3,233980,5
825,3,206190,5
826,3,235720,1
827,3,242760,5
828,3,242880,3
829,3,243160,2
830,3,228960,2
831,3,95000,3
832,3,98200,3
833,3,241320,2
834,3,218820,3
835,3,207140,2
836,3,368730,2
837,3,234390,5
838,3,246900,3
839,3,265210,2
840,3,214770,4
841,3,239030,5
842,3,244730,3
843,3,239070,5
844,3,248310,3
845,3,248530,2
846,3,248650,4
847,3,218620,5
848,3,239820,2
849,3,238320,5
850,3,250050,3
851,3,250180,3
852,3,251130,3
853,3,251470,2
854,3,252490,5
855,3,252950,5
856,3,253390,2
857,3,253900,2
858,3,215630,2
859,3,409720,4
860,3,22120,4
861,3,257850,2
862,3,258200,3
863,3,258220,2
864,3,221910,4
865,3,260230,4
866,3,260250,3
867,3,207750,4
868,3,261110,2
869,3,219830,2
870,3,249130,2
871,3,261760,2
872,3,262060,5
873,3,262150,5
874,3,262280,2
875,3,263060,2
876,3,108600,5
877,3,265300,2
878,3,265930,5
879,3,266130,5
880,3,266310,5
881,3,266430,1
882,3,211820,5
883,3,226840,1
884,3,267980,2
885,3,269210,2
886,3,239840,1
887,3,550,5
888,3,57300,5
889,3,273110,2
890,3,274170,5
891,3,274190,5
892,3,274350,2
893,3,222880,3
894,3,274900,3
895,3,233350,2
896,3,277890,2
897,3,278460,2
898,3,281200,5
899,3,282100,2
900,3,282140,3
901,3,282660,3
902,3,283230,2
903,3,283290,2
904,3,285440,2
905,3,287120,3
906,3,287700,5
907,3,287980,4
908,3,292380,3
909,3,292630,3
910,3,292910,3
911,3,293180,3
912,3,294100,5
913,3,201810,1
914,3,296490,1
915,3,296770,2
916,3,296910,5
917,3,296970,2
918,3,297020,3
919,3,35450,3
920,3,238460,5
921,3,299260,3
922,3,299460,3
923,3,300550,2
924,3,301750,3
925,3,302710,3
926,3,303390,2
927,3,304930,5
928,3,250400,5
929,3,306350,3
930,3,307590,2
931,3,310560,1
932,3,310700,2
933,3,91200,3
934,3,236730,5
935,3,251530,2
936,3,252170,4
937,3,294750,3
938,3,311690,5
939,3,311860,2
940,3,291480,1
941,3,312990,5
942,3,313020,2
943,3,313740,4
944,3,314250,5
945,3,315070,3
946,3,316790,3
947,3,318100,2
948,3,318600,3
949,3,320150,3
950,3,322170,2
951,3,322500,5
952,3,323850,5
953,3,214490,5
954,3,258970,5
955,3,326730,4
956,3,327510,4
957,3,327890,4
958,3,24240,3
959,3,329000,2
960,3,329380,2
961,3,331790,3
962,3,249050,5
963,3,334070,5
964,3,334230,5
965,3,336200,4
966,3,337320,5
967,3,250900,5
968,3,2400,3
969,3,242680,3
970,3,339800,3
971,3,341120,2
972,3,341800,5
973,3,342380,2
974,3,343360,2
975,3,344850,4
976,3,345220,2
977,3,346010,2
978,3,346900,3
979,3,347160,5
980,3,298630,4
981,3,353640,4
982,3,354240,3
983,3,356570,5
984,3,297130,1
985,3,234920,3
986,3,358650,2
987,3,360010,5
988,3,361990,5
989,3,362890,4
990,3,364050,2
991,3,274270,4
992,3,365770,5
993,3,364690,4
994,3,367520,5
995,3,368360,4
996,3,371390,3
997,3,375200,2
998,3,375820,2
999,3,377680,2
1000,3,345180,2
1001,3,385070,2
1002,3,385710,3
1003,3,386940,2
1004,3,391540,5
1005,3,391660,2
1006,3,398710,3
1007,3,400240,3
1008,3,400370,3
1009,3,379640,5
1010,3,405640,3
1011,3,405710,3
1012,3,15700,2
1013,3,299360,2
1014,3,407980,2
1015,3,412170,2
1016,3,413150,5
1017,3,414700,2
1018,3,415960,2
1019,3,416210,2
1020,3,417860,5
1021,3,422250,2
1022,3,423710,2
1023,3,424830,3
1024,3,424840,5
1025,3,426000,3
1026,3,427520,5
1027,3,429470,2
1028,3,427730,5
1029,3,431240,2
1030,3,431710,1
1031,3,433340,4
1032,3,435400,5
1033,3,435530,3
1034,3,264240,4
1035,3,438020,2
1036,3,438030,2
1037,3,439250,2
1038,3,444220,3
1039,3,446020,2
1040,3,446640,2
1041,3,448630,2
1042,3,379720,5
1043,3,467950,1
1044,3,468490,3
1045,3,470780,5
1046,3,474210,2
1047,3,475550,3
1048,3,48000,5
1049,3,504230,3
1050,3,319630,2
1051,3,505210,2
1052,3,391720,3
1053,3,508180,1
1054,3,512250,3
1055,3,512300,5
1056,3,514900,4
1057,3,289070,2
1058,3,522210,2
1059,3,523780,2
1060,3,528660,2
1061,3,530620,2
1062,3,535520,5
1063,3,537340,2
1064,3,542340,3
1065,3,542350,3
1066,3,550900,1
1067,3,556280,1
1068,3,556870,1
1069,3,567280,1
1070,3,567290,2
1071,3,567580,2
1072,3,569480,3
1073,3,575510,3
1074,3,583760,1
1075,3,586960,2
1076,3,586970,2
1077,3,590380,1
1078,3,599140,2
1079,3,609490,2
1080,3,610080,2
1081,3,612880,5
1082,3,219640,2
1083,3,618510,2
1084,3,619700,5
1085,3,622650,5
1086,3,641990,2
1087,3,658850,4
1088,3,666140,1
1089,3,323580,2
1090,3,589360,2
1091,3,377160,5
1092,3,696370,3
1093,3,698780,5
1094,3,418370,3
1095,3,40990,1
1096,3,760060,5
1097,3,368230,3
1098,3,464920,1
1099,3,203770,3
1100,3,270550,2
1101,3,863550,2
1102,3,439190,2
1103,3,878750,2
1104,3,883710,4
1105,3,884660,2
1106,3,927890,5
1107,3,304390,2
1108,3,96000,3
1109,3,491950,2
1110,3,510840,2
1111,3,963690,5
1112,3,638070,2
1113,3,395170,2
1114,3,231430,3
1115,3,1004240,5
1116,3,278360,3
1117,3,285800,3
1118,3,343710,2
1119,3,537800,1
1120,4,300,5
1121,4,70,4
1122,4,220,5
1123,4,340,3
1124,4,240,5
1125,4,360,1
1126,4,10,2
1127,4,30,2
1128,4,60,2
1129,4,80,3
1130,4,320,5
1131,4,380,5
1132,4,2100,1
1133,4,4000,5
1134,4,6880,5
1135,4,400,5
1136,4,420,3
1137,4,20900,2
1138,4,18300,5
1139,4,17470,5
1140,4,24740,3
1141,4,1250,3
1142,4,21690,5
1143,4,10180,5
1144,4,12710,1
1145,4,500,5
1146,4,550,5
1147,4,409720,5
1148,4,33230,5
1149,4,42120,2
1150,4,8190,2
1151,4,35140,5
1152,4,33320,5
1153,4,41000,3
1154,4,17410,5
1155,4,8930,1
1156,4,70100,3
1157,4,70110,2
1158,4,6120,5
1159,4,12210,5
1160,4,16450,1
1161,4,21090,5
1162,4,2500,5
1163,4,11200,2
1164,4,35700,5
1165,4,35130,2
1166,4,50300,5
1167,4,92800,5
1168,4,70000,5
1169,4,91600,5
1170,4,620,5
1171,4,92000,5
1172,4,91200,3
1173,4,105600,3
1174,4,20920,4
1175,4,92100,3
1176,4,57900,5
1177,4,70120,5
1178,4,42910,2
1179,4,24960,5
1180,4,50130,5
1181,4,55150,3
1182,4,96100,5
1183,4,107100,5
1184,4,113200,5
1185,4,102840,5
1186,4,3830,5
1187,4,110800,5
1188,4,201570,5
1189,4,7520,5
1190,4,67370,5
1191,4,204880,5
1192,4,108200,2
1193,4,108710,5
1194,4,33120,5
1195,4,202750,5
1196,4,215670,5
1197,4,209080,5
1198,4,200260,5
1199,4,218640,3
1200,4,206440,5
1201,4,209670,5
1202,4,220860,5
1203,4,218680,5
1204,4,211400,5
1205,4,57690,3
1206,4,218740,5
1207,4,1930,5
1208,4,55230,2
1209,4,204100,2
1210,4,222980,5
1211,4,227300,5
1212,4,368730,5
1213,4,11020,1
1214,4,212500,4
1215,4,286100,5
1216,4,225260,5
1217,4,203160,5
1218,4,232770,5
1219,4,233550,5
1220,4,44350,5
1221,4,234940,5
1222,4,234190,1
1223,4,234650,5
1224,4,222730,5
1225,4,215690,3
1226,4,65930,5
1227,4,238210,3
1228,4,35450,5
1229,4,231160,5
1230,4,242760,5
1231,4,242880,5
1232,4,40390,2
1233,4,234390,5
1234,4,246900,5
1235,4,265210,5
1236,4,214770,5
1237,4,275390,5
1238,4,239030,5
1239,4,243780,5
1240,4,244590,5
1241,4,860950,5
1242,4,248530,5
1243,4,222940,4
1244,4,218620,5
1245,4,238320,5
1246,4,249990,3
1247,4,22200,5
1248,4,251130,5
1249,4,251530,5
1250,4,251690,5
1251,4,252330,5
1252,4,252490,5
1253,4,252670,3
1254,4,252710,5
1255,4,252950,5
1256,4,253110,5
1257,4,253370,1
1258,4,245170,5
1259,4,253900,5
1260,4,253980,5
1261,4,254060,2
1262,4,254080,4
1263,4,243450,5
1264,4,233130,4
1265,4,49520,2
1266,4,258910,3
1267,4,247730,5
1268,4,209000,5
1269,4,261110,4
1270,4,261180,4
1271,4,262150,5
1272,4,262280,4
1273,4,262470,5
1274,4,263060,4
1275,4,230070,4
1276,4,264280,2
1277,4,242700,5
1278,4,264730,5
1279,4,259080,1
1280,4,265930,5
1281,4,267940,3
1282,4,253880,3
1283,4,268870,5
1284,4,269790,5
1285,4,270550,3
1286,4,271570,5
1287,4,271640,4
1288,4,272060,5
1289,4,273110,1
1290,4,273770,4
1291,4,222880,4
1292,4,274560,4
1293,4,275490,5
1294,4,278100,5
1295,4,278360,4
1296,4,279640,4
1297,4,280640,2
1298,4,254700,5
1299,4,282140,5
1300,4,283230,2
1301,4,283290,2
1302,4,283880,1
1303,4,284950,5
1304,4,284990,1
1305,4,285010,5
1306,4,285090,5
1307,4,285130,3
1308,4,286570,4
1309,4,287120,3
1310,4,289090,4
1311,4,290770,5
1312,4,292370,5
1313,4,292380,3
1314,4,292410,5
1315,4,292570,5
1316,4,292620,3
1317,4,292630,2
1318,4,292910,5
1319,4,293180,2
1320,4,293320,5
1321,4,294040,3
1322,4,294230,4
1323,4,295690,5
1324,4,295930,3
1325,4,296070,5
1326,4,296770,4
1327,4,297020,3
1328,4,298260,5
1329,4,298600,3
1330,4,299260,5
1331,4,299460,5
1332,4,299720,3
1333,4,299740,2
1334,4,300220,3
1335,4,300550,3
1336,4,300580,5
1337,4,301190,3
1338,4,301750,5
1339,4,302710,5
1340,4,303390,5
1341,4,303720,3
1342,4,34870,5
1343,4,271500,5
1344,4,304430,2
1345,4,304930,5
1346,4,238090,3
1347,4,250400,2
1348,4,306350,5
1349,4,306410,5
1350,4,8600,2
1351,4,307070,2
1352,4,307170,5
1353,4,270570,2
1354,4,307880,2
1355,4,308000,2
1356,4,310560,5
1357,4,311250,4
1358,4,312610,3
1359,4,312840,5
1360,4,312990,2
1361,4,313140,2
1362,4,314010,5
1363,4,314250,5
1364,4,314280,5
1365,4,265590,4
1366,4,206420,2
1367,4,115320,5
1368,4,315060,3
1369,4,315070,5
1370,4,315430,5
1371,4,318220,2
1372,4,318600,5
1373,4,319970,5
1374,4,321150,2
1375,4,321260,5
1376,4,321400,5
1377,4,22100,3
1378,4,48700,2
1379,4,48720,2
1380,4,321870,4
1381,4,221380,3
1382,4,287450,2
1383,4,323060,5
1384,4,323720,5
1385,4,302510,4
1386,4,258970,5
1387,4,326120,3
1388,4,327890,5
1389,4,261640,2
1390,4,328680,2
1391,4,329380,4
1392,4,330270,5
1393,4,331470,3
1394,4,730,5
1395,4,334300,2
1396,4,336200,5
1397,4,336280,2
1398,4,319630,5
1399,4,339470,5
1400,4,219150,5
1401,4,274170,5
1402,4,339800,5
1403,4,340070,3
1404,4,341780,2
1405,4,343100,3
1406,4,343360,3
1407,4,343710,2
1408,4,344130,5
1409,4,345220,3
1410,4,346180,2
1411,4,346500,3
1412,4,346630,2
1413,4,346950,5
1414,4,347560,5
1415,4,348870,2
1416,4,349220,5
1417,4,351030,5
1418,4,351150,5
1419,4,351340,3
1420,4,351470,4
1421,4,350810,5
1422,4,334070,5
1423,4,356520,5
1424,4,235540,3
1425,4,356570,5
1426,4,357200,2
1427,4,357290,3
1428,4,357900,2
1429,4,358080,2
1430,4,338530,5
1431,4,360890,5
1432,4,336420,5
1433,4,360970,5
1434,4,361600,2
1435,4,361630,5
1436,4,362610,4
1437,4,362890,5
1438,4,248610,2
1439,4,363490,4
1440,4,364230,5
1441,4,359580,5
1442,4,365300,4
1443,4,366760,5
1444,4,368370,5
1445,4,368990,2
1446,4,249230,4
1447,4,3810,5
1448,4,370090,5
1449,4,332790,5
1450,4,371390,3
1451,4,371460,5
1452,4,371570,2
1453,4,322330,3
1454,4,372490,5
1455,4,374830,2
1456,4,375010,5
1457,4,375510,5
1458,4,223470,5
1459,4,376920,2
1460,4,377310,5
1461,4,377330,5
1462,4,378100,3
1463,4,381140,5
1464,4,381210,5
1465,4,382080,4
1466,4,382120,4
1467,4,382300,4
1468,4,383330,5
1469,4,383560,5
1470,4,383580,3
1471,4,384740,5
1472,4,367580,2
1473,4,385270,4
1474,4,387840,2
1475,4,388880,3
1476,4,313020,2
1477,4,364050,2
1478,4,389430,5
1479,4,234140,5
1480,4,390880,2
1481,4,391070,4
1482,4,391260,5
1483,4,391310,5
1484,4,391720,3
1485,4,391420,5
1486,4,392820,3
1487,4,395170,2
1488,4,395520,5
1489,4,382490,5
1490,4,396360,5
1491,4,397900,1
1492,4,398710,5
1493,4,399090,2
1494,4,399430,5
1495,4,399790,3
1496,4,400240,2
1497,4,400250,2
1498,4,400370,4
1499,4,400510,2
1500,4,365450,5
1501,4,403560,5
1502,4,403900,4
1503,4,403740,3
1504,4,405640,4
1505,4,406090,3
1506,4,408110,4
1507,4,409600,5
1508,4,410210,4
1509,4,410670,5
1510,4,412600,2
1511,4,414700,5
1512,4,415150,5
1513,4,415960,5
1514,4,417430,3
1515,4,417860,3
1516,4,418070,5
1517,4,418310,2
1518,4,418460,2
1519,4,420740,5
1520,4,420970,4
1521,4,422100,3
1522,4,422250,5
1523,4,423230,2
1524,4,423710,3
1525,4,423880,2
1526,4,424830,5
1527,4,426000,5
1528,4,426040,2
1529,4,427190,5
1530,4,427780,5
1531,4,428950,4
1532,4,239140,5
1533,4,428900,2
1534,4,432470,4
1535,4,391220,5
1536,4,433850,5
1537,4,434250,2
1538,4,434800,5
1539,4,435530,5
1540,4,436180,5
1541,4,438030,5
1542,4,438180,5
1543,4,440730,2
1544,4,441870,5
1545,4,443580,5
1546,4,444160,2
1547,4,444220,5
1548,4,444480,1
1549,4,447850,5
1550,4,448010,2
1551,4,448440,5
1552,4,448470,5
1553,4,448780,5
1554,4,449200,4
1555,4,449220,5
1556,4,449940,3
1557,4,448070,4
1558,4,451880,4
1559,4,453820,4
1560,4,453850,4
1561,4,454200,4
1562,4,454690,2
1563,4,454890,5
1564,4,455710,5
1565,4,455940,2
1566,4,445230,5
1567,4,457590,1
1568,4,461730,3
1569,4,461880,4
1570,4,461890,4
1571,4,463100,4
1572,4,463110,5
1573,4,463210,5
1574,4,463220,5
1575,4,463710,5
1576,4,464960,2
1577,4,465520,1
1578,4,466500,4
1579,4,466840,5
1580,4,467370,5
1581,4,467390,4
1582,4,469730,4
1583,4,469890,2
1584,4,473140,5
1585,4,473560,4
1586,4,474010,5
1587,4,474960,5
1588,4,476480,5
1589,4,477290,4
1590,4,482330,5
1591,4,482890,5
1592,4,359550,2
1593,4,485330,5
1594,4,485370,2
1595,4,485390,4
1596,4,485450,5
1597,4,485490,4
1598,4,485670,4
1599,4,486360,2
1600,4,486880,5
1601,4,487220,2
1602,4,489140,5
1603,4,489220,3
1604,4,489360,5
1605,4,484950,5
1606,4,48000,1
1607,4,490820,3
1608,4,491950,5
1609,4,493540,2
1610,4,493650,5
1611,4,493700,5
1612,4,493710,5
1613,4,496680,5
1614,4,496690,3
1615,4,497050,2
1616,4,498240,4
1617,4,498660,3
1618,4,499420,5
1619,4,502140,3
1620,4,502910,2
1621,4,503300,4
1622,4,503820,2
1623,4,504490,5
1624,4,507380,2
1625,4,507390,3
1626,4,508290,3
1627,4,508540,5
1628,4,509110,3
1629,4,512640,3
1630,4,512300,5
1631,4,513590,4
1632,4,513610,4
1633,4,513620,4
1634,4,513780,5
1635,4,514660,4
1636,4,515470,2
1637,4,515690,3
1638,4,518800,2
1639,4,521230,5
1640,4,522210,5
1641,4,522570,3
1642,4,523150,3
1643,4,483420,5
1644,4,527750,4
1645,4,527760,4
1646,4,527770,5
1647,4,527790,2
1648,4,528510,3
1649,4,530330,2
1650,4,530620,5
1651,4,535760,2
1652,4,397950,5
1653,4,538590,5
1654,4,221680,5
1655,4,539440,4
1656,4,539450,4
1657,4,540020,4
1658,4,540900,2
1659,4,541370,4
1660,4,542340,5
1661,4,489520,1
1662,4,545410,5
1663,4,545700,5
1664,4,546400,5
1665,4,529760,2
1666,4,546980,3
1667,4,546990,5
1668,4,547960,5
1669,4,550900,4
1670,4,553340,4
1671,4,555570,5
1672,4,556160,2
1673,4,557680,4
1674,4,562240,5
1675,4,562270,5
1676,4,562360,5
1677,4,438740,2
1678,4,569610,5
1679,4,573040,5
1680,4,574820,3
1681,4,575490,5
1682,4,575640,2
1683,4,575860,2
1684,4,576470,3
1685,4,578080,2
1686,4,581030,2
1687,4,581820,2
1688,4,208140,4
1689,4,38600,3
1690,4,585550,3
1691,4,585860,4
1692,4,586130,2
1693,4,586380,2
1694,4,587810,4
1695,4,351940,5
1696,4,355790,5
1697,4,594650,2
1698,4,597230,4
1699,4,601430,5
1700,4,603060,4
1701,4,603150,5
1702,4,605610,1
1703,4,498320,2
1704,4,610360,2
1705,4,610840,5
1706,4,219640,4
1707,4,615610,5
1708,4,617710,2
1709,4,619400,2
1710,4,628760,5
1711,4,635880,5
1712,4,636150,3
1713,4,637850,2
1714,4,236150,5
1715,4,643270,2
1716,4,644570,3
1717,4,652980,5
1718,4,648390,5
1719,4,654900,5
1720,4,675260,4
1721,4,323580,4
1722,4,686200,5
1723,4,414340,3
1724,4,689090,5
1725,4,698780,2
1726,4,113020,5
1727,4,15700,4
1728,4,726990,3
1729,4,409320,5
1730,4,744190,2
1731,4,231430,5
1732,4,368230,2
1733,4,418370,5
1734,4,799070,5
1735,4,228200,5
1736,4,203770,3
1737,4,232050,4
1738,4,440900,1
1739,4,863550,4
1740,4,439190,5
1741,4,865090,5
1742,4,696370,5
1743,4,304390,5
1744,4,389730,2
1745,4,766370,5
1746,4,402390,5
1747,4,510840,4
1748,4,967250,5
1749,4,638070,5
1750,4,308600,5
1751,4,370910,4
1752,4,566190,2
1753,4,485610,5
1754,5,300,3
1755,5,220,5
1756,5,380,1
1757,5,4000,2
1758,5,400,1
1759,5,1250,4
1760,5,34900,2
1761,5,667720,5
1762,5,23490,1
1763,5,10180,2
1764,5,22370,1
1765,5,41700,1
1766,5,409710,3
1767,5,42700,2
1768,5,72400,4
1769,5,55100,5
1770,5,70000,5
1771,5,620,2
1772,5,92100,3
1773,5,105600,2
1774,5,107310,3
1775,5,55150,2
1776,5,96100,3
1777,5,48000,2
1778,5,3830,5
1779,5,41070,2
1780,5,204880,3
1781,5,203210,4
1782,5,108200,2
1783,5,33120,2
1784,5,204180,5
1785,5,205910,5
1786,5,214340,5
1787,5,108710,5
1788,5,98400,5
1789,5,209080,3
1790,5,218640,2
1791,5,49520,1
1792,5,202970,5
1793,5,211400,2
1794,5,224900,2
1795,5,4500,2
1796,5,215930,3
1797,5,223470,5
1798,5,219200,5
1799,5,225260,5
1800,5,232770,5
1801,5,44350,2
1802,5,210770,5
1803,5,234940,5
1804,5,234650,3
1805,5,65930,5
1806,5,35450,5
1807,5,209160,2
1808,5,72850,1
1809,5,252170,5
1810,5,254060,3
1811,5,242860,1
1812,5,233130,5
1813,5,257830,5
1814,5,259320,3
1815,5,261110,2
1816,5,261180,4
1817,5,242700,4
1818,5,261760,4
1819,5,262280,5
1820,5,263060,4
1821,5,263080,5
1822,5,263980,5
1823,5,265330,5
1824,5,265930,5
1825,5,266010,4
1826,5,267060,2
1827,5,226840,2
1828,5,267920,5
1829,5,267980,5
1830,5,214870,5
1831,5,268870,5
1832,5,270090,4
1833,5,270550,2
1834,5,550,2
1835,5,271570,4
1836,5,228380,2
1837,5,271860,5
1838,5,273500,5
1839,5,273770,3
1840,5,222880,3
1841,5,251570,4
1842,5,275490,5
1843,5,278360,2
1844,5,281920,4
1845,5,246620,2
1846,5,283290,4
1847,5,283390,5
1848,5,284930,3
1849,5,284950,3
1850,5,284990,1
1851,5,285010,5
1852,5,285090,5
1853,5,285130,3
1854,5,286200,5
1855,5,286260,2
1856,5,286360,5
1857,5,286570,4
1858,5,286690,5
1859,5,287120,5
1860,5,289090,5
1861,5,291390,2
1862,5,292370,5
1863,5,292380,4
1864,5,292410,5
1865,5,292570,5
1866,5,292620,5
1867,5,292630,5
1868,5,292910,2
1869,5,293180,5
1870,5,294020,4
1871,5,294040,3
1872,5,294230,4
1873,5,201810,2
1874,5,297020,5
1875,5,289130,2
1876,5,238460,4
1877,5,299260,5
1878,5,299460,4
1879,5,299720,3
1880,5,209650,2
1881,5,301190,4
1882,5,301200,3
1883,5,301750,3
1884,5,302310,3
1885,5,304930,1
1886,5,306040,4
1887,5,250400,3
1888,5,306350,5
1889,5,307070,2
1890,5,307230,5
1891,5,308000,5
1892,5,19900,2
1893,5,220240,1
1894,5,233270,2
1895,5,9480,2
1896,5,55230,2
1897,5,206420,5
1898,5,310560,3
1899,5,311860,3
1900,5,312990,1
1901,5,313140,5
1902,5,313740,5
1903,5,314020,4
1904,5,313830,2
1905,5,265590,3
1906,5,315060,3
1907,5,220820,3
1908,5,317250,3
1909,5,318600,5
1910,5,319180,5
1911,5,274940,2
1912,5,321150,5
1913,5,321360,5
1914,5,321400,4
1915,5,322170,2
1916,5,238320,5
1917,5,277430,2
1918,5,258970,5
1919,5,326120,5
1920,5,326950,2
1921,5,327560,5
1922,5,329000,3
1923,5,330350,5
1924,5,331790,5
1925,5,246110,5
1926,5,332480,3
1927,5,337420,2
1928,5,252490,1
1929,5,319630,4
1930,5,339470,2
1931,5,340070,3
1932,5,340300,3
1933,5,340310,3
1934,5,340320,5
1935,5,341160,5
1936,5,341310,3
1937,5,341500,3
1938,5,342380,2
1939,5,340220,4
1940,5,342580,4
1941,5,343360,3
1942,5,12120,1
1943,5,271590,5
1944,5,344130,4
1945,5,344300,5
1946,5,345220,4
1947,5,239140,2
1948,5,346630,3
1949,5,301640,5
1950,5,346950,5
1951,5,347430,4
1952,5,347560,4
1953,5,348950,4
1954,5,349500,2
1955,5,351150,4
1956,5,351490,2
1957,5,353550,3
1958,5,350810,4
1959,5,354920,5
1960,5,355430,5
1961,5,357290,3
1962,5,357780,2
1963,5,261640,2
1964,5,357900,4
1965,5,358080,4
1966,5,358830,5
1967,5,360380,3
1968,5,360620,5
1969,5,360640,4
1970,5,360650,3
1971,5,336420,5
1972,5,360970,3
1973,5,361190,5
1974,5,303390,3
1975,5,362610,3
1976,5,363490,4
1977,5,363610,4
1978,5,363970,1
1979,5,364050,3
1980,5,368710,3
1981,5,368990,4
1982,5,370510,4
1983,5,371460,4
1984,5,371570,4
1985,5,371670,3
1986,5,322330,3
1987,5,372490,5
1988,5,372750,4
1989,5,375010,4
1990,5,375200,2
1991,5,375460,3
1992,5,375510,4
1993,5,375520,3
1994,5,377160,5
1995,5,377290,3
1996,5,377310,4
1997,5,377680,2
1998,5,378100,3
1999,5,380020,5
2000,5,381140,5
2001,5,382080,4
2002,5,382120,3
2003,5,383330,5
2004,5,383580,5
2005,5,252950,3
2006,5,384740,3
2007,5,385070,5
2008,5,385080,4
2009,5,385800,5
2010,5,386480,2
2011,5,387840,2
2012,5,391070,4
2013,5,391260,5
2014,5,391660,4
2015,5,391720,3
2016,5,391420,3
2017,5,394540,4
2018,5,394870,3
2019,5,395170,3
2020,5,225540,3
2021,5,398680,5
2022,5,398710,4
2023,5,399130,2
2024,5,399430,4
2025,5,399790,2
2026,5,400240,5
2027,5,400250,4
2028,5,400370,2
2029,5,400510,3
2030,5,402390,2
2031,5,365450,5
2032,5,403560,5
2033,5,403900,4
2034,5,406090,4
2035,5,406150,5
2036,5,407980,2
2037,5,409380,4
2038,5,410210,4
2039,5,411120,4
2040,5,412170,5
2041,5,412290,3
2042,5,412600,4
2043,5,414580,5
2044,5,415030,5
2045,5,415960,4
2046,5,416080,2
2047,5,311210,5
2048,5,417430,4
2049,5,418070,3
2050,5,420740,4
2051,5,421040,3
2052,5,422100,4
2053,5,422250,3
2054,5,423710,4
2055,5,424840,3
2056,5,426000,5
2057,5,428950,4
2058,5,429280,3
2059,5,429470,2
2060,5,429700,3
2061,5,432470,4
2062,5,433950,5
2063,5,434250,3
2064,5,434210,4
2065,5,438020,4
2066,5,438030,4
2067,5,438080,4
2068,5,438180,4
2069,5,438480,5
2070,5,439910,5
2071,5,440760,3
2072,5,441670,5
2073,5,444220,5
2074,5,444480,5
2075,5,446640,2
2076,5,447890,2
2077,5,448000,3
2078,5,448470,5
2079,5,448630,3
2080,5,448780,3
2081,5,449200,4
2082,5,449220,4
2083,5,449530,4
2084,5,449540,4
2085,5,450190,5
2086,5,448070,2
2087,5,450850,2
2088,5,450860,4
2089,5,539720,2
2090,5,562360,4
2091,5,636150,2
2092,5,451880,5
2093,5,453100,3
2094,5,453820,5
2095,5,453850,4
2096,5,454200,5
2097,5,454690,4
2098,5,454890,5
2099,5,457480,5
2100,5,457820,4
2101,5,457570,5
2102,5,461010,3
2103,5,461640,2
2104,5,461730,3
2105,5,461880,5
2106,5,461890,4
2107,5,462220,5
2108,5,462960,1
2109,5,463030,4
2110,5,463100,5
2111,5,463110,5
2112,5,463210,4
2113,5,463220,3
2114,5,463710,4
2115,5,463930,5
2116,5,464960,4
2117,5,466500,3
2118,5,466730,2
2119,5,466840,3
2120,5,467000,4
2121,5,292730,2
2122,5,467370,5
2123,5,467390,4
2124,5,467950,2
2125,5,468320,4
2126,5,468490,5
2127,5,379720,5
2128,5,469730,4
2129,5,469890,3
2130,5,470270,4
2131,5,472680,1
2132,5,473470,5
2133,5,473560,4
2134,5,473670,5
2135,5,474830,3
2136,5,474910,5
2137,5,476480,4
2138,5,478010,4
2139,5,269710,3
2140,5,485310,5
2141,5,485330,4
2142,5,485350,3
2143,5,485370,2
2144,5,485390,5
2145,5,485450,5
2146,5,485730,3
2147,5,485950,4
2148,5,486150,5
2149,5,487180,4
2150,5,487220,5
2151,5,487430,5
2152,5,487580,4
2153,5,487590,4
2154,5,487600,4
2155,5,488580,5
2156,5,489220,5
2157,5,484950,5
2158,5,489890,4
2159,5,489900,5
2160,5,490820,5
2161,5,490980,4
2162,5,491580,4
2163,5,491620,4
2164,5,491650,4
2165,5,491950,2
2166,5,493650,2
2167,5,493700,4
2168,5,493710,3
2169,5,494290,5
2170,5,495780,5
2171,5,495890,5
2172,5,496550,5
2173,5,496680,4
2174,5,496690,3
2175,5,497050,5
2176,5,497260,5
2177,5,497400,3
2178,5,498030,5
2179,5,498040,5
2180,5,498050,5
2181,5,498660,3
2182,5,499420,4
2183,5,500580,5
2184,5,502140,4
2185,5,502910,4
2186,5,503300,5
2187,5,503820,5
2188,5,504490,5
2189,5,505210,3
2190,5,507380,4
2191,5,507400,4
2192,5,508170,5
2193,5,508190,5
2194,5,508200,5
2195,5,508290,4
2196,5,508900,5
2197,5,509110,5
2198,5,509220,2
2199,5,509600,4
2200,5,512640,4
2201,5,513510,3
2202,5,513590,3
2203,5,513780,3
2204,5,514470,4
2205,5,514480,4
2206,5,514490,4
2207,5,514660,4
2208,5,514900,5
2209,5,515470,4
2210,5,515690,3
2211,5,515910,1
2212,5,517000,2
2213,5,518800,4
2214,5,521130,4
2215,5,521230,4
2216,5,521500,2
2217,5,522210,5
2218,5,522570,4
2219,5,292030,2
2220,5,526540,5
2221,5,526740,5
2222,5,526880,5
2223,5,527450,5
2224,5,527760,5
2225,5,527770,4
2226,5,527790,4
2227,5,528510,4
2228,5,528660,3
2229,5,529240,4
2230,5,307780,3
2231,5,533300,4
2232,5,533330,4
2233,5,533820,5
2234,5,535760,4
2235,5,536410,5
2236,5,538590,4
2237,5,539440,4
2238,5,539450,4
2239,5,540020,3
2240,5,287700,2
2241,5,541370,5
2242,5,542340,5
2243,5,542690,4
2244,5,542710,5
2245,5,542730,5
2246,5,542740,5
2247,5,544140,4
2248,5,489520,5
2249,5,545410,2
2250,5,545690,5
2251,5,545700,4
2252,5,546340,4
2253,5,546400,4
2254,5,529760,5
2255,5,546930,4
2256,5,546980,5
2257,5,546990,3
2258,5,547960,4
2259,5,550670,4
2260,5,551110,5
2261,5,552570,5
2262,5,554310,1
2263,5,555710,5
2264,5,556160,5
2265,5,556280,2
2266,5,557580,4
2267,5,557680,4
2268,5,562220,3
2269,5,562240,4
2270,5,562270,4
2271,5,562730,3
2272,5,563120,4
2273,5,566670,4
2274,5,567280,1
2275,5,567680,4
2276,5,575490,5
2277,5,575510,3
2278,5,575550,5
2279,5,575640,3
2280,5,575700,4
2281,5,575780,3
2282,5,575830,3
2283,5,575840,4
2284,5,576470,5
2285,5,577740,3
2286,5,578850,5
2287,5,581030,4
2288,5,581100,3
2289,5,208140,2
2290,5,583490,3
2291,5,583760,2
2292,5,585550,4
2293,5,585830,5
2294,5,586060,5
2295,5,586380,5
2296,5,586960,3
2297,5,587810,4
2298,5,588970,3
2299,5,351940,5
2300,5,591420,3
2301,5,595440,5
2302,5,596590,3
2303,5,596870,3
2304,5,588730,4
2305,5,602890,5
2306,5,602930,1
2307,5,603030,2
2308,5,603190,1
2309,5,606330,3
2310,5,498320,4
2311,5,610360,4
2312,5,610670,5
2313,5,610810,5
2314,5,611980,5
2315,5,219640,4
2316,5,614460,2
2317,5,614950,5
2318,5,615610,5
2319,5,617710,4
2320,5,618510,4
2321,5,619400,5
2322,5,622920,4
2323,5,623550,4
2324,5,204300,5
2325,5,628760,3
2326,5,634230,2
2327,5,635730,5
2328,5,635880,4
2329,5,639790,3
2330,5,236150,3
2331,5,644560,4
2332,5,644570,5
2333,5,645090,4
2334,5,218620,2
2335,5,657200,5
2336,5,658560,3
2337,5,665180,3
2338,5,668630,2
2339,5,323580,4
2340,5,683830,5
2341,5,685680,2
2342,5,686190,2
2343,5,711990,3
2344,5,712050,3
2345,5,113020,5
2346,5,712840,3
2347,5,15700,4
2348,5,308040,4
2349,5,726990,2
2350,5,738520,3
2351,5,231430,4
2352,5,368230,5
2353,5,319830,4
2354,5,228200,5
2355,5,209670,3
2356,5,464920,1
2357,5,810670,5
2358,5,226860,5
2359,5,813700,3
2360,5,203770,5
2361,5,232050,3
2362,5,860910,3
2363,5,439190,3
2364,5,490220,3
2365,5,878750,3
2366,5,334210,2
2367,5,769920,1
2368,5,927890,5
2369,5,304390,4
2370,5,766370,3
2371,5,96000,2
2372,5,510840,2
2373,5,963690,5
2374,5,967250,3
2375,5,638070,2
2376,5,998930,5
2377,5,308600,2
2378,5,1004240,5
2379,5,1008710,5
2380,5,285800,2
2381,5,343710,2
2382,5,271240,2
2383,5,370910,2
2384,5,442120,5
2385,5,537800,3
2386,6,10,1
2387,6,80,1
2388,6,70,5
2389,6,240,2
2390,6,4000,4
2391,6,3480,2
2392,6,4500,2
2393,6,400,2
2394,6,8080,1
2395,6,12120,3
2396,6,12140,3
2397,6,15100,5
2398,6,12200,5
2399,6,10090,2
2400,6,17410,2
2401,6,20900,2
2402,6,10180,2
2403,6,33230,4
2404,6,35140,5
2405,6,21130,3
2406,6,57300,5
2407,6,47870,5
2408,6,48190,5
2409,6,620,3
2410,6,105600,2
2411,6,3830,2
2412,6,201870,2
2413,6,204120,2
2414,6,110800,5
2415,6,200260,5
2416,6,49520,1
2417,6,219150,1
2418,6,223470,2
2419,6,202970,1
2420,6,218680,5
2421,6,12110,2
2422,6,219680,3
2423,6,238960,2
2424,6,220160,4
2425,6,242760,5
2426,6,218620,3
2427,6,206420,1
2428,6,209000,5
2429,6,251570,2
2430,6,252950,5
2431,6,242050,3
2432,6,213670,5
2433,6,265930,2
2434,6,221100,1
2435,6,218640,5
2436,6,269210,2
2437,6,271590,5
2438,6,278360,5
2439,6,245490,1
2440,6,304050,5
2441,6,304930,1
2442,6,310560,2
2443,6,9900,3
2444,6,227940,2
2445,6,323320,2
2446,6,307690,5
2447,6,326460,4
2448,6,730,5
2449,6,305620,5
2450,6,334230,1
2451,6,339610,1
2452,6,311560,2
2453,6,322330,2
2454,6,374320,2
2455,6,381210,5
2456,6,291550,5
2457,6,397900,3
2458,6,299360,1
2459,6,413150,2
2460,6,420290,2
2461,6,208650,5
2462,6,427520,1
2463,6,210970,2
2464,6,239140,5
2465,6,431240,4
2466,6,431960,5
2467,6,433850,3
2468,6,438100,1
2469,6,444090,2
2470,6,457210,2
2471,6,207140,5
2472,6,470220,5
2473,6,475190,5
2474,6,477160,3
2475,6,327030,2
2476,6,489830,1
2477,6,489940,1
2478,6,311210,2
2479,6,512250,2
2480,6,518790,2
2481,6,571740,2
2482,6,577800,5
2483,6,578080,2
2484,6,594650,5
2485,6,595460,1
2486,6,613100,1
2487,6,632360,2
2488,6,635260,2
2489,6,641990,2
2490,6,648800,2
2491,6,657200,5
2492,6,674940,5
2493,6,698780,5
2494,6,700330,5
2495,6,707680,5
2496,6,732430,2
2497,6,466240,5
2498,6,582160,1
2499,6,746920,5
2500,6,755790,5
2501,6,667870,3
2502,6,488790,5
2503,6,252490,2
2504,6,809960,5
2505,6,359550,5
2506,6,813820,4
2507,6,823130,5
2508,6,841370,5
2509,6,611500,3
2510,6,334210,1
2511,6,880940,5
2512,6,646910,2
2513,6,911400,5
2514,6,673950,5
2515,6,12210,2
2516,6,420740,1
2517,6,566190,1
2518,7,10,5
2519,7,30,2
2520,7,220,3
2521,7,4000,2
2522,7,409710,5
2523,7,400,2
2524,7,4560,5
2525,7,9340,5
2526,7,228200,4
2527,7,500,5
2528,7,10500,1
2529,7,17410,3
2530,7,22120,2
2531,7,24740,1
2532,7,21680,2
2533,7,41000,5
2534,7,550,3
2535,7,32430,1
2536,7,409720,5
2537,7,462780,5
2538,7,39800,5
2539,7,70400,5
2540,7,57300,5
2541,7,32360,5
2542,7,55040,5
2543,7,620,4
2544,7,105600,5
2545,7,91600,4
2546,7,70420,5
2547,7,35450,3
2548,7,48000,2
2549,7,107100,2
2550,7,111600,1
2551,7,111400,5
2552,7,24240,5
2553,7,8930,5
2554,7,113200,2
2555,7,102840,5
2556,7,65800,5
2557,7,24010,4
2558,7,71340,1
2559,7,55230,3
2560,7,48240,5
2561,7,41070,5
2562,7,203510,5
2563,7,206210,5
2564,7,22380,2
2565,7,42910,5
2566,7,102600,5
2567,7,49470,5
2568,7,207430,4
2569,7,207170,2
2570,7,207530,3
2571,7,203630,5
2572,7,209830,5
2573,7,206370,5
2574,7,207250,3
2575,7,208140,4
2576,7,211360,3
2577,7,200550,5
2578,7,207080,2
2579,7,205910,4
2580,7,97330,2
2581,7,17710,1
2582,7,50300,2
2583,7,55150,2
2584,7,204300,5
2585,7,214340,5
2586,7,209080,2
2587,7,214790,1
2588,7,72000,4
2589,7,214830,2
2590,7,218640,2
2591,7,212680,5
2592,7,204360,5
2593,7,219640,5
2594,7,214360,5
2595,7,221260,3
2596,7,200710,3
2597,7,216890,1
2598,7,203140,3
2599,7,203350,2
2600,7,200170,4
2601,7,34030,5
2602,7,214590,3
2603,7,220740,5
2604,7,219150,2
2605,7,223830,3
2606,7,201790,5
2607,7,209950,5
2608,7,220440,5
2609,7,227580,2
2610,7,220700,2
2611,7,200900,1
2612,7,219890,4
2613,7,223810,5
2614,7,200210,5
2615,7,212800,2
2616,7,213650,5
2617,7,218230,3
2618,7,216150,1
2619,7,225260,3
2620,7,228260,2
2621,7,21690,5
2622,7,225420,2
2623,7,1250,5
2624,7,3830,2
2625,7,115100,2
2626,7,115110,5
2627,7,232750,5
2628,7,44350,5
2629,7,230700,2
2630,7,222480,5
2631,7,224760,2
2632,7,65930,5
2633,7,228300,5
2634,7,231430,2
2635,7,210770,5
2636,7,233980,3
2637,7,242820,5
2638,7,242880,5
2639,7,243160,5
2640,7,95000,3
2641,7,225160,5
2642,7,243950,5
2643,7,206420,5
2644,7,218820,3
2645,7,234390,5
2646,7,247020,2
2647,7,245170,5
2648,7,244730,4
2649,7,248310,4
2650,7,248820,5
2651,7,218620,2
2652,7,249590,5
2653,7,249650,5
2654,7,239820,5
2655,7,241240,5
2656,7,238320,5
2657,7,226720,5
2658,7,250260,2
2659,7,250620,5
2660,7,251130,5
2661,7,251470,1
2662,7,251570,3
2663,7,251730,5
2664,7,251870,4
2665,7,251990,3
2666,7,252030,2
2667,7,252490,4
2668,7,252610,2
2669,7,252630,2
2670,7,253030,3
2671,7,253610,5
2672,7,231310,4
2673,7,224460,5
2674,7,247240,3
2675,7,255220,5
2676,7,220260,4
2677,7,213670,5
2678,7,241910,4
2679,7,238930,5
2680,7,250400,5
2681,7,258910,5
2682,7,221910,4
2683,7,238430,5
2684,7,261180,5
2685,7,233190,5
2686,7,262150,4
2687,7,258090,3
2688,7,263280,4
2689,7,263620,5
2690,7,227300,4
2691,7,266110,2
2692,7,266210,5
2693,7,233150,5
2694,7,211820,5
2695,7,269210,5
2696,7,269890,5
2697,7,270450,3
2698,7,271730,3
2699,7,203160,5
2700,7,232790,5
2701,7,272470,2
2702,7,222880,2
2703,7,200510,5
2704,7,275670,5
2705,7,278360,5
2706,7,239160,5
2707,7,235210,5
2708,7,254700,5
2709,7,282070,5
2710,7,282900,2
2711,7,283680,5
2712,7,281860,4
2713,7,285440,3
2714,7,285820,3
2715,7,287700,1
2716,7,289070,2
2717,7,243930,5
2718,7,233290,3
2719,7,292480,4
2720,7,293780,5
2721,7,294810,5
2722,7,286160,2
2723,7,296970,5
2724,7,238460,2
2725,7,300550,5
2726,7,246110,5
2727,7,38410,1
2728,7,307590,5
2729,7,308040,3
2730,7,237850,5
2731,7,311690,2
2732,7,313010,5
2733,7,313080,5
2734,7,9880,2
2735,7,313400,5
2736,7,232430,5
2737,7,247080,5
2738,7,314830,5
2739,7,255070,5
2740,7,315110,5
2741,7,316010,5
2742,7,316600,3
2743,7,316790,5
2744,7,316840,2
2745,7,245370,5
2746,7,317710,5
2747,7,45760,1
2748,7,318530,2
2749,7,229810,5
2750,7,238010,2
2751,7,317300,5
2752,7,257510,5
2753,7,322290,4
2754,7,242640,5
2755,7,323380,5
2756,7,301970,5
2757,7,325370,5
2758,7,326730,5
2759,7,327890,5
2760,7,328760,5
2761,7,329490,5
2762,7,330180,5
2763,7,15700,5
2764,7,330820,5
2765,7,289690,5
2766,7,730,1
2767,7,331870,5
2768,7,214610,4
2769,7,333220,2
2770,7,215470,2
2771,7,322330,2
2772,7,337150,5
2773,7,339200,5
2774,7,319630,5
2775,7,242680,5
2776,7,341530,5
2777,7,310740,5
2778,7,343800,5
2779,7,345820,5
2780,7,294440,5
2781,7,348950,5
2782,7,349790,5
2783,7,287290,5
2784,7,351250,5
2785,7,351920,5
2786,7,354240,2
2787,7,355240,5
2788,7,255710,2
2789,7,356050,5
2790,7,271590,5
2791,7,297130,3
2792,7,359310,5
2793,7,360010,5
2794,7,360150,5
2795,7,361420,1
2796,7,363930,3
2797,7,363970,5
2798,7,238370,5
2799,7,368730,5
2800,7,370460,5
2801,7,374320,2
2802,7,374900,5
2803,7,377160,5
2804,7,381210,3
2805,7,49520,2
2806,7,383080,5
2807,7,386620,5
2808,7,388210,5
2809,7,390710,5
2810,7,391540,2
2811,7,394310,2
2812,7,394970,3
2813,7,214950,5
2814,7,4700,5
2815,7,409160,2
2816,7,413150,5
2817,7,415480,2
2818,7,311210,2
2819,7,421040,5
2820,7,268500,3
2821,7,427520,1
2822,7,429330,5
2823,7,310950,1
2824,7,433950,5
2825,7,448280,2
2826,7,450390,1
2827,7,275850,2
2828,7,4760,5
2829,7,325610,4
2830,7,457140,2
2831,7,461950,5
2832,7,379720,2
2833,7,359550,5
2834,7,488790,5
2835,7,292030,5
2836,7,535230,4
2837,7,543460,5
2838,7,582620,5
2839,7,587430,4
2840,7,613100,5
2841,7,620980,5
2842,7,629730,2
2843,7,678950,5
2844,7,584400,1
2845,7,698780,5
2846,7,554620,1
2847,7,731490,2
2848,7,418370,5
2849,7,738060,5
2850,7,626690,5
2851,7,337000,2
2852,7,845070,3
2853,7,871720,2
2854,7,532210,3
2855,7,889480,1
2856,7,927270,2
2857,7,765870,1
2858,7,632360,1
