appid,0,1,2,3,4,5,6,7
10,2.0,0.0,0.0,0.0,2.0,0.0,1.0,5.0
20,1.0,0.0,0.0,0.0,0.0,0.0,0.0,0.0
30,2.0,0.0,0.0,0.0,2.0,0.0,0.0,2.0
50,2.0,0.0,0.0,0.0,0.0,0.0,0.0,0.0
60,5.0,0.0,0.0,0.0,2.0,0.0,0.0,0.0
70,5.0,0.0,0.0,5.0,4.0,0.0,5.0,0.0
80,0.0,0.0,0.0,0.0,3.0,0.0,1.0,0.0
130,2.0,0.0,0.0,2.0,0.0,0.0,0.0,0.0
220,5.0,0.0,0.0,5.0,5.0,5.0,0.0,3.0
240,2.0,0.0,0.0,0.0,5.0,0.0,2.0,0.0
280,5.0,0.0,0.0,0.0,0.0,0.0,0.0,0.0
300,2.0,0.0,0.0,0.0,5.0,3.0,0.0,0.0
320,5.0,0.0,0.0,0.0,5.0,0.0,0.0,0.0
340,2.0,0.0,0.0,0.0,3.0,0.0,0.0,0.0
360,0.0,0.0,0.0,0.0,1.0,0.0,0.0,0.0
380,4.0,0.0,0.0,0.0,5.0,1.0,0.0,0.0
400,3.0,0.0,0.0,5.0,5.0,1.0,2.0,2.0
420,0.0,0.0,0.0,0.0,3.0,0.0,0.0,0.0
500,5.0,0.0,0.0,0.0,5.0,0.0,0.0,5.0
550,5.0,2.0,5.0,5.0,5.0,2.0,0.0,3.0
620,5.0,5.0,5.0,5.0,5.0,2.0,3.0,4.0
730,2.0,5.0,5.0,5.0,5.0,0.0,5.0,1.0
1250,5.0,0.0,3.0,2.0,3.0,4.0,0.0,5.0
1520,2.0,0.0,0.0,0.0,0.0,0.0,0.0,0.0
1930,0.0,0.0,0.0,0.0,5.0,0.0,0.0,0.0
2100,0.0,0.0,0.0,0.0,1.0,0.0,0.0,0.0
2200,2.0,0.0,0.0,0.0,0.0,0.0,0.0,0.0
2280,1.0,0.0,0.0,1.0,0.0,0.0,0.0,0.0
2300,0.0,0.0,0.0,4.0,0.0,0.0,0.0,0.0
2310,1.0,0.0,0.0,0.0,0.0,0.0,0.0,0.0
2400,0.0,0.0,0.0,3.0,0.0,0.0,0.0,0.0
2500,0.0,0.0,4.0,0.0,5.0,0.0,0.0,0.0
2600,2.0,0.0,0.0,0.0,0.0,0.0,0.0,0.0
3480,2.0,0.0,0.0,0.0,0.0,0.0,2.0,0.0
3540,1.0,0.0,0.0,0.0,0.0,0.0,0.0,0.0
3590,4.0,0.0,0.0,0.0,0.0,0.0,0.0,0.0
3810,0.0,0.0,0.0,0.0,5.0,0.0,0.0,0.0
3830,2.0,0.0,3.0,0.0,5.0,5.0,2.0,2.0
4000,0.0,5.0,2.0,2.0,5.0,2.0,4.0,2.0
4500,4.0,0.0,0.0,0.0,0.0,2.0,2.0,0.0
4560,0.0,0.0,0.0,0.0,0.0,0.0,0.0,5.0
4700,0.0,0.0,0.0,0.0,0.0,0.0,0.0,5.0
4760,0.0,0.0,0.0,0.0,0.0,0.0,0.0,5.0
4920,5.0,0.0,0.0,0.0,0.0,0.0,0.0,0.0
6000,1.0,0.0,0.0,0.0,0.0,0.0,0.0,0.0
6010,1.0,0.0,0.0,0.0,0.0,0.0,0.0,0.0
6020,2.0,0.0,0.0,0.0,0.0,0.0,0.0,0.0
6030,1.0,0.0,0.0,0.0,0.0,0.0,0.0,0.0
6120,0.0,0.0,0.0,0.0,5.0,0.0,0.0,0.0
6880,0.0,0.0,0.0,0.0,5.0,0.0,0.0,0.0
6910,2.0,0.0,0.0,0.0,0.0,0.0,0.0,0.0
6920,1.0,0.0,0.0,0.0,0.0,0.0,0.0,0.0
7200,1.0,0.0,0.0,0.0,0.0,0.0,0.0,0.0
7510,0.0,0.0,0.0,3.0,0.0,0.0,0.0,0.0
7520,0.0,0.0,0.0,3.0,5.0,0.0,0.0,0.0
7940,1.0,0.0,0.0,0.0,0.0,0.0,0.0,0.0
8080,0.0,0.0,0.0,0.0,0.0,0.0,1.0,0.0
8190,3.0,0.0,0.0,0.0,2.0,0.0,0.0,0.0
8600,0.0,0.0,0.0,0.0,2.0,0.0,0.0,0.0
8870,5.0,0.0,5.0,5.0,0.0,0.0,0.0,0.0
8930,2.0,4.0,5.0,0.0,1.0,0.0,0.0,5.0
9200,2.0,0.0,0.0,0.0,0.0,0.0,0.0,0.0
9340,0.0,0.0,0.0,0.0,0.0,0.0,0.0,5.0
9480,0.0,0.0,0.0,0.0,0.0,2.0,0.0,0.0
9880,0.0,0.0,0.0,0.0,0.0,0.0,0.0,2.0
9900,0.0,0.0,0.0,0.0,0.0,0.0,3.0,0.0
10090,0.0,0.0,0.0,0.0,0.0,0.0,2.0,0.0
10180,0.0,0.0,0.0,0.0,5.0,2.0,2.0,0.0
10500,0.0,0.0,0.0,0.0,0.0,0.0,0.0,1.0
11020,2.0,0.0,0.0,0.0,1.0,0.0,0.0,0.0
11200,0.0,0.0,3.0,0.0,2.0,0.0,0.0,0.0
11360,5.0,0.0,0.0,0.0,0.0,0.0,0.0,0.0
12100,3.0,0.0,5.0,0.0,0.0,0.0,0.0,0.0
12110,0.0,0.0,0.0,0.0,0.0,0.0,2.0,0.0
12120,2.0,0.0,0.0,0.0,0.0,1.0,3.0,0.0
12140,3.0,0.0,0.0,0.0,0.0,0.0,3.0,0.0
12200,0.0,0.0,0.0,0.0,0.0,0.0,5.0,0.0
12210,1.0,0.0,0.0,0.0,5.0,0.0,2.0,0.0
12500,1.0,0.0,0.0,0.0,0.0,0.0,0.0,0.0
12710,0.0,0.0,0.0,0.0,1.0,0.0,0.0,0.0
13200,1.0,0.0,0.0,0.0,0.0,0.0,0.0,0.0
13210,4.0,0.0,0.0,0.0,0.0,0.0,0.0,0.0
13240,1.0,0.0,0.0,0.0,0.0,0.0,0.0,0.0
13250,4.0,0.0,0.0,0.0,0.0,0.0,0.0,0.0
13600,2.0,0.0,0.0,0.0,0.0,0.0,0.0,0.0
15100,0.0,0.0,0.0,0.0,0.0,0.0,5.0,0.0
15520,2.0,0.0,0.0,0.0,0.0,0.0,0.0,0.0
15700,0.0,0.0,3.0,2.0,4.0,4.0,0.0,5.0
16450,0.0,0.0,0.0,0.0,1.0,0.0,0.0,0.0
16810,5.0,0.0,0.0,0.0,0.0,0.0,0.0,0.0
17300,4.0,0.0,0.0,0.0,0.0,0.0,0.0,0.0
17330,5.0,0.0,0.0,0.0,0.0,0.0,0.0,0.0
17410,2.0,0.0,0.0,0.0,5.0,0.0,2.0,3.0
17460,1.0,0.0,0.0,0.0,0.0,0.0,0.0,0.0
17470,5.0,0.0,0.0,0.0,5.0,0.0,0.0,0.0
17710,0.0,0.0,0.0,0.0,0.0,0.0,0.0,1.0
18300,0.0,0.0,0.0,0.0,5.0,0.0,0.0,0.0
18500,5.0,0.0,0.0,0.0,0.0,0.0,0.0,0.0
19900,4.0,0.0,0.0,0.0,0.0,2.0,0.0,0.0
20510,3.0,0.0,0.0,0.0,0.0,0.0,0.0,0.0
20530,4.0,0.0,0.0,0.0,0.0,0.0,0.0,0.0
20820,5.0,0.0,0.0,0.0,0.0,0.0,0.0,0.0
20900,5.0,0.0,0.0,0.0,2.0,0.0,2.0,0.0
20920,0.0,0.0,2.0,0.0,4.0,0.0,0.0,0.0
21090,0.0,0.0,0.0,0.0,5.0,0.0,0.0,0.0
21130,0.0,0.0,0.0,0.0,0.0,0.0,3.0,0.0
21680,0.0,0.0,0.0,0.0,0.0,0.0,0.0,2.0
21690,2.0,0.0,0.0,0.0,5.0,0.0,0.0,5.0
21980,5.0,0.0,0.0,0.0,0.0,0.0,0.0,0.0
22000,2.0,0.0,0.0,2.0,0.0,0.0,0.0,0.0
22100,0.0,0.0,0.0,0.0,3.0,0.0,0.0,0.0
22120,0.0,0.0,0.0,4.0,0.0,0.0,0.0,2.0
22180,5.0,0.0,0.0,0.0,0.0,0.0,0.0,0.0
22200,0.0,0.0,0.0,0.0,5.0,0.0,0.0,0.0
22300,3.0,0.0,0.0,0.0,0.0,0.0,0.0,0.0
22330,2.0,0.0,0.0,0.0,0.0,0.0,0.0,0.0
22370,2.0,0.0,0.0,0.0,0.0,1.0,0.0,0.0
22380,5.0,0.0,0.0,5.0,0.0,0.0,0.0,2.0
22600,1.0,0.0,0.0,0.0,0.0,0.0,0.0,0.0
23490,0.0,0.0,0.0,1.0,0.0,1.0,0.0,0.0
24010,0.0,0.0,0.0,0.0,0.0,0.0,0.0,4.0
24240,1.0,0.0,0.0,3.0,0.0,0.0,0.0,5.0
24740,2.0,0.0,0.0,0.0,3.0,0.0,0.0,1.0
24780,2.0,0.0,0.0,0.0,0.0,0.0,0.0,0.0
24800,0.0,0.0,5.0,0.0,0.0,0.0,0.0,0.0
24960,5.0,0.0,0.0,0.0,5.0,0.0,0.0,0.0
24980,5.0,0.0,0.0,0.0,0.0,0.0,0.0,0.0
25900,5.0,0.0,0.0,0.0,0.0,0.0,0.0,0.0
26000,5.0,0.0,0.0,0.0,0.0,0.0,0.0,0.0
29180,5.0,0.0,0.0,0.0,0.0,0.0,0.0,0.0
32340,5.0,0.0,0.0,0.0,0.0,0.0,0.0,0.0
32360,5.0,0.0,0.0,0.0,0.0,0.0,0.0,5.0
32370,2.0,0.0,0.0,0.0,0.0,0.0,0.0,0.0
32380,2.0,0.0,0.0,0.0,0.0,0.0,0.0,0.0
32400,2.0,0.0,0.0,0.0,0.0,0.0,0.0,0.0
32430,0.0,0.0,0.0,0.0,0.0,0.0,0.0,1.0
32440,1.0,0.0,0.0,0.0,0.0,0.0,0.0,0.0
33120,0.0,0.0,0.0,0.0,5.0,2.0,0.0,0.0
33230,1.0,0.0,0.0,0.0,5.0,0.0,4.0,0.0
33320,0.0,0.0,0.0,0.0,5.0,0.0,0.0,0.0
34030,0.0,0.0,0.0,0.0,0.0,0.0,0.0,5.0
34870,0.0,0.0,0.0,0.0,5.0,0.0,0.0,0.0
34900,0.0,0.0,0.0,0.0,0.0,2.0,0.0,0.0
35130,0.0,0.0,0.0,0.0,2.0,0.0,0.0,0.0
35140,5.0,0.0,0.0,0.0,5.0,0.0,5.0,0.0
35450,0.0,0.0,0.0,3.0,5.0,5.0,0.0,3.0
35460,5.0,0.0,0.0,0.0,0.0,0.0,0.0,0.0
35480,4.0,0.0,0.0,0.0,0.0,0.0,0.0,0.0
35700,3.0,0.0,4.0,0.0,5.0,0.0,0.0,0.0
35720,0.0,0.0,3.0,0.0,0.0,0.0,0.0,0.0
37600,4.0,0.0,0.0,0.0,0.0,0.0,0.0,0.0
38400,5.0,0.0,0.0,0.0,0.0,0.0,0.0,0.0
38410,0.0,0.0,0.0,0.0,0.0,0.0,0.0,1.0
38600,0.0,0.0,0.0,0.0,3.0,0.0,0.0,0.0
38700,5.0,0.0,0.0,0.0,0.0,0.0,0.0,0.0
38720,5.0,0.0,0.0,0.0,0.0,0.0,0.0,0.0
39140,1.0,0.0,0.0,0.0,0.0,0.0,0.0,0.0
39150,2.0,0.0,0.0,0.0,0.0,0.0,0.0,0.0
39210,1.0,0.0,0.0,0.0,0.0,0.0,0.0,0.0
39800,0.0,0.0,0.0,0.0,0.0,0.0,0.0,5.0
40300,2.0,0.0,0.0,0.0,0.0,0.0,0.0,0.0
40390,0.0,0.0,0.0,0.0,2.0,0.0,0.0,0.0
40400,2.0,0.0,0.0,0.0,0.0,0.0,0.0,0.0
40700,1.0,0.0,3.0,0.0,0.0,0.0,0.0,0.0
40990,0.0,0.0,0.0,1.0,0.0,0.0,0.0,0.0
41000,2.0,0.0,5.0,0.0,3.0,0.0,0.0,5.0
41070,2.0,0.0,5.0,0.0,0.0,2.0,0.0,5.0
41500,3.0,0.0,0.0,0.0,0.0,0.0,0.0,0.0
41700,2.0,0.0,0.0,0.0,0.0,1.0,0.0,0.0
42120,0.0,0.0,0.0,0.0,2.0,0.0,0.0,0.0
42700,0.0,0.0,0.0,0.0,0.0,2.0,0.0,0.0
42910,3.0,0.0,0.0,2.0,2.0,0.0,0.0,5.0
44350,0.0,0.0,0.0,0.0,5.0,2.0,0.0,5.0
45760,0.0,0.0,0.0,0.0,0.0,0.0,0.0,1.0
47810,2.0,0.0,0.0,0.0,0.0,0.0,0.0,0.0
47870,0.0,0.0,0.0,0.0,0.0,0.0,5.0,0.0
48000,2.0,0.0,1.0,5.0,1.0,2.0,0.0,2.0
48190,0.0,0.0,0.0,0.0,0.0,0.0,5.0,0.0
48240,5.0,0.0,0.0,0.0,0.0,0.0,0.0,5.0
48700,1.0,0.0,0.0,0.0,2.0,0.0,0.0,0.0
48720,0.0,0.0,0.0,0.0,2.0,0.0,0.0,0.0
49470,5.0,0.0,0.0,0.0,0.0,0.0,0.0,5.0
49520,1.0,0.0,5.0,0.0,2.0,1.0,1.0,2.0
49600,1.0,0.0,0.0,0.0,0.0,0.0,0.0,0.0
50130,1.0,0.0,0.0,0.0,5.0,0.0,0.0,0.0
50300,5.0,0.0,0.0,0.0,5.0,0.0,0.0,2.0
55040,0.0,0.0,0.0,0.0,0.0,0.0,0.0,5.0
55100,0.0,0.0,0.0,0.0,0.0,5.0,0.0,0.0
55110,3.0,0.0,0.0,0.0,0.0,0.0,0.0,0.0
55150,0.0,0.0,0.0,0.0,3.0,2.0,0.0,2.0
55230,1.0,0.0,0.0,2.0,2.0,2.0,0.0,3.0
57300,5.0,0.0,0.0,5.0,0.0,0.0,5.0,5.0
57690,0.0,0.0,0.0,2.0,3.0,0.0,0.0,0.0
57900,1.0,0.0,0.0,0.0,5.0,0.0,0.0,0.0
61700,2.0,0.0,0.0,0.0,0.0,0.0,0.0,0.0
62100,2.0,0.0,0.0,0.0,0.0,0.0,0.0,0.0
63000,0.0,0.0,0.0,2.0,0.0,0.0,0.0,0.0
63700,5.0,0.0,0.0,0.0,0.0,0.0,0.0,0.0
63710,4.0,0.0,0.0,4.0,0.0,0.0,0.0,0.0
65800,0.0,0.0,0.0,2.0,0.0,0.0,0.0,5.0
65930,0.0,0.0,0.0,3.0,5.0,5.0,0.0,5.0
65980,0.0,0.0,2.0,0.0,0.0,0.0,0.0,0.0
67000,5.0,0.0,0.0,0.0,0.0,0.0,0.0,0.0
67370,0.0,0.0,0.0,0.0,5.0,0.0,0.0,0.0
70000,0.0,0.0,0.0,5.0,5.0,5.0,0.0,0.0
70100,0.0,0.0,0.0,0.0,3.0,0.0,0.0,0.0
70110,0.0,0.0,0.0,0.0,2.0,0.0,0.0,0.0
70120,0.0,0.0,0.0,0.0,5.0,0.0,0.0,0.0
70300,5.0,0.0,0.0,0.0,0.0,0.0,0.0,0.0
70400,2.0,0.0,0.0,0.0,0.0,0.0,0.0,5.0
70420,0.0,0.0,0.0,0.0,0.0,0.0,0.0,5.0
71340,0.0,0.0,0.0,0.0,0.0,0.0,0.0,1.0
72000,0.0,0.0,0.0,0.0,0.0,0.0,0.0,4.0
72400,0.0,0.0,0.0,0.0,0.0,4.0,0.0,0.0
72850,3.0,2.0,2.0,0.0,0.0,1.0,0.0,0.0
78000,3.0,0.0,0.0,0.0,0.0,0.0,0.0,0.0
80310,3.0,0.0,0.0,0.0,0.0,0.0,0.0,0.0
91200,0.0,0.0,0.0,3.0,3.0,0.0,0.0,0.0
91600,5.0,0.0,0.0,0.0,5.0,0.0,0.0,4.0
92000,0.0,0.0,0.0,0.0,5.0,0.0,0.0,0.0
92100,0.0,0.0,2.0,0.0,3.0,3.0,0.0,0.0
92800,5.0,0.0,0.0,4.0,5.0,0.0,0.0,0.0
93200,0.0,0.0,0.0,3.0,0.0,0.0,0.0,0.0
94200,5.0,0.0,0.0,0.0,0.0,0.0,0.0,0.0
94400,1.0,0.0,0.0,0.0,0.0,0.0,0.0,0.0
95000,0.0,0.0,0.0,3.0,0.0,0.0,0.0,3.0
95300,5.0,0.0,0.0,0.0,0.0,0.0,0.0,0.0
96000,0.0,0.0,0.0,3.0,0.0,2.0,0.0,0.0
96100,0.0,2.0,5.0,0.0,5.0,3.0,0.0,0.0
97330,1.0,0.0,0.0,0.0,0.0,0.0,0.0,2.0
98200,1.0,0.0,0.0,3.0,0.0,0.0,0.0,0.0
98400,2.0,0.0,0.0,0.0,0.0,5.0,0.0,0.0
99700,5.0,1.0,0.0,0.0,0.0,0.0,0.0,0.0
99900,5.0,0.0,0.0,0.0,0.0,0.0,0.0,0.0
102600,4.0,0.0,0.0,5.0,0.0,0.0,0.0,5.0
102840,0.0,0.0,0.0,5.0,5.0,0.0,0.0,5.0
104200,0.0,0.0,3.0,0.0,0.0,0.0,0.0,0.0
104900,0.0,0.0,5.0,0.0,0.0,0.0,0.0,0.0
105600,3.0,5.0,2.0,5.0,3.0,2.0,2.0,5.0
105800,2.0,0.0,0.0,0.0,0.0,0.0,0.0,0.0
107100,5.0,0.0,0.0,0.0,5.0,0.0,0.0,2.0
107300,2.0,0.0,0.0,0.0,0.0,0.0,0.0,0.0
107310,0.0,0.0,0.0,0.0,0.0,3.0,0.0,0.0
108200,0.0,0.0,0.0,0.0,2.0,2.0,0.0,0.0
108600,0.0,0.0,0.0,5.0,0.0,0.0,0.0,0.0
108710,2.0,0.0,5.0,3.0,5.0,5.0,0.0,0.0
108800,5.0,0.0,0.0,0.0,0.0,0.0,0.0,0.0
109600,0.0,3.0,0.0,0.0,0.0,0.0,0.0,0.0
110800,0.0,0.0,0.0,0.0,5.0,0.0,5.0,0.0
111400,0.0,0.0,0.0,0.0,0.0,0.0,0.0,5.0
111600,0.0,0.0,0.0,0.0,0.0,0.0,0.0,1.0
112100,5.0,1.0,0.0,0.0,0.0,0.0,0.0,0.0
113020,2.0,0.0,5.0,5.0,5.0,5.0,0.0,0.0
113200,4.0,2.0,0.0,2.0,5.0,0.0,0.0,2.0
115100,0.0,0.0,0.0,3.0,0.0,0.0,0.0,2.0
115110,0.0,0.0,0.0,3.0,0.0,0.0,0.0,5.0
115320,0.0,0.0,0.0,0.0,5.0,0.0,0.0,0.0
200010,1.0,0.0,0.0,0.0,0.0,0.0,0.0,0.0
200170,0.0,0.0,0.0,0.0,0.0,0.0,0.0,4.0
200210,2.0,0.0,0.0,5.0,0.0,0.0,0.0,5.0
200260,0.0,0.0,0.0,0.0,5.0,0.0,5.0,0.0
200510,4.0,0.0,0.0,0.0,0.0,0.0,0.0,5.0
200550,0.0,0.0,0.0,0.0,0.0,0.0,0.0,5.0
200710,5.0,0.0,0.0,0.0,0.0,0.0,0.0,3.0
200900,5.0,0.0,0.0,0.0,0.0,0.0,0.0,1.0
201290,1.0,0.0,0.0,0.0,0.0,0.0,0.0,0.0
201420,2.0,0.0,0.0,0.0,0.0,0.0,0.0,0.0
201570,0.0,0.0,0.0,2.0,5.0,0.0,0.0,0.0
201790,0.0,0.0,5.0,0.0,0.0,0.0,0.0,5.0
201810,5.0,0.0,0.0,1.0,0.0,2.0,0.0,0.0
201870,0.0,0.0,0.0,0.0,0.0,0.0,2.0,0.0
202750,0.0,0.0,0.0,0.0,5.0,0.0,0.0,0.0
202970,0.0,0.0,0.0,0.0,0.0,5.0,1.0,0.0
203140,0.0,0.0,0.0,0.0,0.0,0.0,0.0,3.0
203160,0.0,0.0,0.0,5.0,5.0,0.0,0.0,5.0
203210,0.0,0.0,0.0,0.0,0.0,4.0,0.0,0.0
203350,0.0,0.0,0.0,2.0,0.0,0.0,0.0,2.0
203510,4.0,0.0,0.0,0.0,0.0,0.0,0.0,5.0
203630,0.0,0.0,0.0,0.0,0.0,0.0,0.0,5.0
203770,2.0,0.0,0.0,3.0,3.0,5.0,0.0,0.0
204060,5.0,1.0,0.0,0.0,0.0,0.0,0.0,0.0
204100,0.0,0.0,0.0,0.0,2.0,0.0,0.0,0.0
204120,0.0,0.0,0.0,0.0,0.0,0.0,2.0,0.0
204180,0.0,0.0,3.0,0.0,0.0,5.0,0.0,0.0
204300,0.0,0.0,0.0,5.0,0.0,5.0,0.0,5.0
204360,2.0,3.0,0.0,0.0,0.0,0.0,0.0,5.0
204630,0.0,0.0,0.0,3.0,0.0,0.0,0.0,0.0
204880,0.0,0.0,0.0,3.0,5.0,3.0,0.0,0.0
205100,5.0,0.0,0.0,0.0,0.0,0.0,0.0,0.0
205730,2.0,0.0,0.0,0.0,0.0,0.0,0.0,0.0
205910,0.0,0.0,0.0,3.0,0.0,5.0,0.0,4.0
206190,1.0,0.0,0.0,5.0,0.0,0.0,0.0,0.0
206210,0.0,0.0,0.0,0.0,0.0,0.0,0.0,5.0
206370,0.0,0.0,0.0,0.0,0.0,0.0,0.0,5.0
206420,5.0,3.0,0.0,0.0,2.0,5.0,1.0,5.0
206440,0.0,0.0,0.0,0.0,5.0,0.0,0.0,0.0
207080,0.0,0.0,0.0,0.0,0.0,0.0,0.0,2.0
207140,0.0,0.0,0.0,2.0,0.0,0.0,5.0,0.0
207170,0.0,0.0,0.0,0.0,0.0,0.0,0.0,2.0
207230,0.0,1.0,0.0,0.0,0.0,0.0,0.0,0.0
207250,0.0,0.0,0.0,0.0,0.0,0.0,0.0,3.0
207400,4.0,0.0,0.0,0.0,0.0,0.0,0.0,0.0
207430,0.0,0.0,0.0,0.0,0.0,0.0,0.0,4.0
207530,0.0,0.0,0.0,0.0,0.0,0.0,0.0,3.0
207750,0.0,0.0,0.0,4.0,0.0,0.0,0.0,0.0
208140,5.0,0.0,0.0,0.0,4.0,2.0,0.0,4.0
208200,1.0,0.0,0.0,0.0,0.0,0.0,0.0,0.0
208580,5.0,0.0,0.0,0.0,0.0,0.0,0.0,0.0
208650,0.0,0.0,2.0,0.0,0.0,0.0,5.0,0.0
209000,3.0,0.0,0.0,0.0,5.0,0.0,5.0,0.0
209080,0.0,0.0,0.0,0.0,5.0,3.0,0.0,2.0
209160,0.0,0.0,0.0,0.0,0.0,2.0,0.0,0.0
209370,4.0,0.0,0.0,0.0,0.0,0.0,0.0,0.0
209650,0.0,0.0,0.0,0.0,0.0,2.0,0.0,0.0
209670,0.0,0.0,0.0,3.0,5.0,3.0,0.0,0.0
209790,0.0,1.0,0.0,0.0,0.0,0.0,0.0,0.0
209830,0.0,0.0,0.0,0.0,0.0,0.0,0.0,5.0
209950,3.0,0.0,0.0,0.0,0.0,0.0,0.0,5.0
210770,0.0,0.0,3.0,2.0,0.0,5.0,0.0,5.0
210970,5.0,0.0,1.0,0.0,0.0,0.0,2.0,0.0
211360,0.0,0.0,0.0,0.0,0.0,0.0,0.0,3.0
211400,0.0,0.0,0.0,0.0,5.0,2.0,0.0,0.0
211820,2.0,2.0,3.0,5.0,0.0,0.0,0.0,5.0
212070,0.0,2.0,0.0,0.0,0.0,0.0,0.0,0.0
212500,0.0,0.0,0.0,0.0,4.0,0.0,0.0,0.0
212680,3.0,0.0,0.0,0.0,0.0,0.0,0.0,5.0
212800,0.0,0.0,0.0,0.0,0.0,0.0,0.0,2.0
213650,0.0,0.0,0.0,0.0,0.0,0.0,0.0,5.0
213670,4.0,0.0,4.0,0.0,0.0,0.0,5.0,5.0
214340,0.0,0.0,0.0,5.0,0.0,5.0,0.0,5.0
214360,0.0,0.0,0.0,0.0,0.0,0.0,0.0,5.0
214490,0.0,0.0,0.0,5.0,0.0,0.0,0.0,0.0
214590,0.0,0.0,0.0,0.0,0.0,0.0,0.0,3.0
214610,2.0,0.0,0.0,0.0,0.0,0.0,0.0,4.0
214770,0.0,0.0,0.0,4.0,5.0,0.0,0.0,0.0
214790,0.0,0.0,0.0,0.0,0.0,0.0,0.0,1.0
214830,1.0,0.0,0.0,0.0,0.0,0.0,0.0,2.0
214870,0.0,0.0,0.0,0.0,0.0,5.0,0.0,0.0
214950,0.0,0.0,0.0,0.0,0.0,0.0,0.0,5.0
215470,0.0,0.0,0.0,0.0,0.0,0.0,0.0,2.0
215510,0.0,0.0,5.0,0.0,0.0,0.0,0.0,0.0
215630,0.0,0.0,0.0,2.0,0.0,0.0,0.0,0.0
215670,0.0,0.0,0.0,0.0,5.0,0.0,0.0,0.0
215690,0.0,0.0,0.0,0.0,3.0,0.0,0.0,0.0
215930,0.0,0.0,0.0,0.0,0.0,3.0,0.0,0.0
216150,0.0,0.0,0.0,0.0,0.0,0.0,0.0,1.0
216890,0.0,0.0,0.0,0.0,0.0,0.0,0.0,1.0
217140,1.0,0.0,0.0,0.0,0.0,0.0,0.0,0.0
217690,0.0,0.0,0.0,2.0,0.0,0.0,0.0,0.0
217920,0.0,0.0,0.0,1.0,0.0,0.0,0.0,0.0
218060,5.0,0.0,0.0,0.0,0.0,0.0,0.0,0.0
218230,0.0,0.0,0.0,0.0,0.0,0.0,0.0,3.0
218410,2.0,0.0,0.0,0.0,0.0,0.0,0.0,0.0
218620,0.0,3.0,2.0,5.0,5.0,2.0,3.0,2.0
218640,0.0,0.0,3.0,3.0,3.0,2.0,5.0,2.0
218680,0.0,0.0,0.0,0.0,5.0,0.0,5.0,0.0
218740,0.0,0.0,0.0,5.0,5.0,0.0,0.0,0.0
218820,0.0,0.0,0.0,3.0,0.0,0.0,0.0,3.0
219150,4.0,0.0,0.0,5.0,5.0,0.0,1.0,2.0
219190,0.0,0.0,0.0,5.0,0.0,0.0,0.0,0.0
219200,0.0,0.0,0.0,5.0,0.0,5.0,0.0,0.0
219640,2.0,0.0,3.0,2.0,4.0,4.0,0.0,5.0
219680,4.0,0.0,0.0,0.0,0.0,0.0,3.0,0.0
219830,0.0,0.0,0.0,2.0,0.0,0.0,0.0,0.0
219890,5.0,0.0,0.0,5.0,0.0,0.0,0.0,4.0
219990,2.0,0.0,0.0,0.0,0.0,0.0,0.0,0.0
220160,0.0,0.0,0.0,0.0,0.0,0.0,4.0,0.0
220200,1.0,0.0,0.0,0.0,0.0,0.0,0.0,0.0
220240,2.0,3.0,0.0,0.0,0.0,1.0,0.0,0.0
220260,0.0,0.0,0.0,0.0,0.0,0.0,0.0,4.0
220440,0.0,0.0,0.0,0.0,0.0,0.0,0.0,5.0
220700,2.0,0.0,0.0,3.0,0.0,0.0,0.0,2.0
220740,0.0,0.0,0.0,0.0,0.0,0.0,0.0,5.0
220820,0.0,0.0,0.0,0.0,0.0,3.0,0.0,0.0
220860,0.0,0.0,0.0,4.0,5.0,0.0,0.0,0.0
221020,1.0,0.0,0.0,0.0,0.0,0.0,0.0,0.0
221100,0.0,0.0,0.0,0.0,0.0,0.0,1.0,0.0
221260,0.0,0.0,0.0,0.0,0.0,0.0,0.0,3.0
221380,0.0,0.0,0.0,0.0,3.0,0.0,0.0,0.0
221540,1.0,0.0,0.0,0.0,0.0,0.0,0.0,0.0
221640,4.0,0.0,0.0,0.0,0.0,0.0,0.0,0.0
221680,0.0,0.0,0.0,0.0,5.0,0.0,0.0,0.0
221810,2.0,0.0,0.0,0.0,0.0,0.0,0.0,0.0
221910,5.0,0.0,5.0,4.0,0.0,0.0,0.0,4.0
222480,0.0,0.0,0.0,0.0,0.0,0.0,0.0,5.0
222730,0.0,0.0,0.0,5.0,5.0,0.0,0.0,0.0
222880,0.0,0.0,0.0,3.0,4.0,3.0,0.0,2.0
222940,0.0,0.0,0.0,0.0,4.0,0.0,0.0,0.0
222980,0.0,0.0,0.0,0.0,5.0,0.0,0.0,0.0
223470,0.0,0.0,5.0,5.0,5.0,5.0,2.0,0.0
223510,1.0,0.0,0.0,0.0,0.0,0.0,0.0,0.0
223810,0.0,0.0,0.0,0.0,0.0,0.0,0.0,5.0
223830,0.0,0.0,0.0,0.0,0.0,0.0,0.0,3.0
224260,0.0,0.0,2.0,0.0,0.0,0.0,0.0,0.0
224460,0.0,0.0,0.0,0.0,0.0,0.0,0.0,5.0
224500,0.0,0.0,0.0,4.0,0.0,0.0,0.0,0.0
224760,2.0,0.0,0.0,0.0,0.0,0.0,0.0,2.0
224900,0.0,0.0,0.0,0.0,0.0,2.0,0.0,0.0
224960,2.0,0.0,0.0,0.0,0.0,0.0,0.0,0.0
225080,2.0,0.0,0.0,0.0,0.0,0.0,0.0,0.0
225160,0.0,0.0,0.0,0.0,0.0,0.0,0.0,5.0
225260,0.0,0.0,0.0,0.0,5.0,5.0,0.0,3.0
225420,0.0,0.0,0.0,0.0,0.0,0.0,0.0,2.0
225540,1.0,3.0,2.0,0.0,0.0,3.0,0.0,0.0
226720,0.0,0.0,0.0,0.0,0.0,0.0,0.0,5.0
226840,0.0,0.0,0.0,1.0,0.0,2.0,0.0,0.0
226860,0.0,0.0,0.0,0.0,0.0,5.0,0.0,0.0
226960,2.0,0.0,0.0,0.0,0.0,0.0,0.0,0.0
227300,0.0,0.0,0.0,0.0,5.0,0.0,0.0,4.0
227580,0.0,0.0,0.0,0.0,0.0,0.0,0.0,2.0
227940,0.0,1.0,0.0,0.0,0.0,0.0,2.0,0.0
228200,0.0,0.0,0.0,0.0,5.0,5.0,0.0,4.0
228260,0.0,0.0,0.0,0.0,0.0,0.0,0.0,2.0
228280,1.0,0.0,0.0,0.0,0.0,0.0,0.0,0.0
228300,0.0,0.0,0.0,0.0,0.0,0.0,0.0,5.0
228380,0.0,0.0,0.0,0.0,0.0,2.0,0.0,0.0
228760,1.0,0.0,0.0,0.0,0.0,0.0,0.0,0.0
228960,0.0,0.0,0.0,2.0,0.0,0.0,0.0,0.0
229810,0.0,0.0,0.0,0.0,0.0,0.0,0.0,5.0
230070,0.0,0.0,0.0,0.0,4.0,0.0,0.0,0.0
230190,1.0,0.0,0.0,0.0,0.0,0.0,0.0,0.0
230410,2.0,3.0,3.0,2.0,0.0,0.0,0.0,0.0
230700,1.0,0.0,0.0,0.0,0.0,0.0,0.0,2.0
230980,2.0,0.0,0.0,0.0,0.0,0.0,0.0,0.0
231160,5.0,0.0,0.0,0.0,5.0,0.0,0.0,0.0
231310,0.0,0.0,0.0,0.0,0.0,0.0,0.0,4.0
231430,0.0,0.0,0.0,3.0,5.0,4.0,0.0,2.0
232050,0.0,0.0,0.0,0.0,4.0,3.0,0.0,0.0
232090,1.0,0.0,0.0,0.0,0.0,0.0,0.0,0.0
232430,4.0,0.0,0.0,0.0,0.0,0.0,0.0,5.0
232750,0.0,0.0,0.0,0.0,0.0,0.0,0.0,5.0
232770,0.0,0.0,0.0,0.0,5.0,5.0,0.0,0.0
232790,5.0,0.0,0.0,0.0,0.0,0.0,0.0,5.0
233130,2.0,0.0,4.0,0.0,4.0,5.0,0.0,0.0
233150,0.0,0.0,0.0,0.0,0.0,0.0,0.0,5.0
233190,0.0,0.0,0.0,0.0,0.0,0.0,0.0,5.0
233270,0.0,0.0,0.0,0.0,0.0,2.0,0.0,0.0
233290,0.0,0.0,0.0,0.0,0.0,0.0,0.0,3.0
233350,0.0,0.0,0.0,2.0,0.0,0.0,0.0,0.0
233450,1.0,0.0,0.0,5.0,0.0,0.0,0.0,0.0
233550,2.0,0.0,0.0,0.0,5.0,0.0,0.0,0.0
233720,0.0,0.0,0.0,3.0,0.0,0.0,0.0,0.0
233980,0.0,0.0,0.0,5.0,0.0,0.0,0.0,3.0
234140,0.0,0.0,3.0,0.0,5.0,0.0,0.0,0.0
234190,0.0,0.0,0.0,0.0,1.0,0.0,0.0,0.0
234390,0.0,0.0,0.0,5.0,5.0,0.0,0.0,5.0
234650,2.0,0.0,0.0,0.0,5.0,3.0,0.0,0.0
234670,0.0,2.0,0.0,0.0,0.0,0.0,0.0,0.0
234900,1.0,0.0,0.0,0.0,0.0,0.0,0.0,0.0
234920,0.0,0.0,0.0,3.0,0.0,0.0,0.0,0.0
234940,0.0,0.0,0.0,3.0,5.0,5.0,0.0,0.0
235210,1.0,0.0,0.0,0.0,0.0,0.0,0.0,5.0
235250,0.0,0.0,0.0,3.0,0.0,0.0,0.0,0.0
235460,1.0,0.0,0.0,0.0,0.0,0.0,0.0,0.0
235540,0.0,0.0,0.0,0.0,3.0,0.0,0.0,0.0
235720,0.0,0.0,0.0,1.0,0.0,0.0,0.0,0.0
235800,1.0,0.0,0.0,0.0,0.0,0.0,0.0,0.0
236150,0.0,0.0,3.0,0.0,5.0,3.0,0.0,0.0
236390,0.0,5.0,0.0,0.0,0.0,0.0,0.0,0.0
236430,5.0,0.0,0.0,0.0,0.0,0.0,0.0,0.0
236730,0.0,0.0,0.0,5.0,0.0,0.0,0.0,0.0
236850,1.0,0.0,0.0,0.0,0.0,0.0,0.0,0.0
237630,2.0,0.0,0.0,0.0,0.0,0.0,0.0,0.0
237850,0.0,0.0,0.0,0.0,0.0,0.0,0.0,5.0
237930,5.0,0.0,0.0,0.0,0.0,0.0,0.0,0.0
237990,5.0,0.0,0.0,0.0,0.0,0.0,0.0,0.0
238010,2.0,0.0,0.0,0.0,0.0,0.0,0.0,2.0
238090,0.0,0.0,0.0,0.0,3.0,0.0,0.0,0.0
238210,2.0,0.0,0.0,0.0,3.0,0.0,0.0,0.0
238320,0.0,4.0,5.0,5.0,5.0,5.0,0.0,5.0
238370,0.0,0.0,0.0,0.0,0.0,0.0,0.0,5.0
238430,0.0,0.0,0.0,0.0,0.0,0.0,0.0,5.0
238460,2.0,0.0,5.0,5.0,0.0,4.0,0.0,2.0
238930,0.0,0.0,0.0,0.0,0.0,0.0,0.0,5.0
238960,5.0,2.0,0.0,0.0,0.0,0.0,2.0,0.0
239030,5.0,0.0,0.0,5.0,5.0,0.0,0.0,0.0
239070,0.0,0.0,0.0,5.0,0.0,0.0,0.0,0.0
239140,2.0,0.0,5.0,0.0,5.0,2.0,5.0,0.0
239160,0.0,0.0,0.0,0.0,0.0,0.0,0.0,5.0
239200,2.0,0.0,0.0,0.0,0.0,0.0,0.0,0.0
239820,0.0,2.0,0.0,2.0,0.0,0.0,0.0,5.0
239840,0.0,0.0,0.0,1.0,0.0,0.0,0.0,0.0
240320,0.0,1.0,0.0,0.0,0.0,0.0,0.0,0.0
240720,1.0,0.0,0.0,0.0,0.0,0.0,0.0,0.0
241240,0.0,0.0,0.0,0.0,0.0,0.0,0.0,5.0
241320,0.0,0.0,0.0,2.0,0.0,0.0,0.0,0.0
241600,3.0,0.0,0.0,0.0,0.0,0.0,0.0,0.0
241910,0.0,0.0,0.0,0.0,0.0,0.0,0.0,4.0
242050,0.0,0.0,0.0,0.0,0.0,0.0,3.0,0.0
242640,0.0,0.0,0.0,0.0,0.0,0.0,0.0,5.0
242680,0.0,0.0,0.0,3.0,0.0,0.0,0.0,5.0
242700,0.0,0.0,0.0,0.0,5.0,4.0,0.0,0.0
242760,0.0,0.0,5.0,5.0,5.0,0.0,5.0,0.0
242820,2.0,0.0,0.0,0.0,0.0,0.0,0.0,5.0
242860,0.0,0.0,0.0,0.0,0.0,1.0,0.0,0.0
242880,0.0,0.0,0.0,3.0,5.0,0.0,0.0,5.0
242920,2.0,0.0,0.0,0.0,0.0,0.0,0.0,0.0
243160,0.0,0.0,0.0,2.0,0.0,0.0,0.0,5.0
243360,1.0,0.0,0.0,0.0,0.0,0.0,0.0,0.0
243450,0.0,0.0,0.0,0.0,5.0,0.0,0.0,0.0
243780,0.0,0.0,0.0,0.0,5.0,0.0,0.0,0.0
243930,0.0,0.0,0.0,0.0,0.0,0.0,0.0,5.0
243950,0.0,0.0,0.0,0.0,0.0,0.0,0.0,5.0
243970,1.0,0.0,0.0,0.0,0.0,0.0,0.0,0.0
244160,2.0,0.0,0.0,0.0,0.0,0.0,0.0,0.0
244590,0.0,0.0,0.0,0.0,5.0,0.0,0.0,0.0
244730,0.0,0.0,0.0,3.0,0.0,0.0,0.0,4.0
245170,0.0,0.0,0.0,0.0,5.0,0.0,0.0,5.0
245370,0.0,0.0,0.0,0.0,0.0,0.0,0.0,5.0
245490,0.0,0.0,0.0,0.0,0.0,0.0,1.0,0.0
246110,0.0,0.0,0.0,0.0,0.0,5.0,0.0,5.0
246580,2.0,0.0,0.0,0.0,0.0,0.0,0.0,0.0
246620,0.0,0.0,0.0,0.0,0.0,2.0,0.0,0.0
246900,0.0,0.0,0.0,3.0,5.0,0.0,0.0,0.0
247020,2.0,0.0,0.0,0.0,0.0,0.0,0.0,2.0
247080,0.0,0.0,0.0,0.0,0.0,0.0,0.0,5.0
247240,0.0,0.0,0.0,0.0,0.0,0.0,0.0,3.0
247730,0.0,0.0,0.0,0.0,5.0,0.0,0.0,0.0
248190,2.0,0.0,0.0,0.0,0.0,0.0,0.0,0.0
248310,0.0,0.0,0.0,3.0,0.0,0.0,0.0,4.0
248530,0.0,0.0,0.0,2.0,5.0,0.0,0.0,0.0
248570,0.0,1.0,0.0,0.0,0.0,0.0,0.0,0.0
248610,0.0,0.0,0.0,0.0,2.0,0.0,0.0,0.0
248650,0.0,0.0,0.0,4.0,0.0,0.0,0.0,0.0
248820,0.0,0.0,0.0,0.0,0.0,0.0,0.0,5.0
249050,0.0,0.0,0.0,5.0,0.0,0.0,0.0,0.0
249130,0.0,0.0,0.0,2.0,0.0,0.0,0.0,0.0
249230,0.0,0.0,0.0,0.0,4.0,0.0,0.0,0.0
249590,1.0,0.0,0.0,0.0,0.0,0.0,0.0,5.0
249650,0.0,0.0,0.0,0.0,0.0,0.0,0.0,5.0
249990,0.0,0.0,0.0,0.0,3.0,0.0,0.0,0.0
250050,0.0,0.0,0.0,3.0,0.0,0.0,0.0,0.0
250180,1.0,0.0,0.0,3.0,0.0,0.0,0.0,0.0
250260,2.0,0.0,0.0,0.0,0.0,0.0,0.0,2.0
250400,0.0,0.0,0.0,5.0,2.0,3.0,0.0,5.0
250620,0.0,0.0,0.0,0.0,0.0,0.0,0.0,5.0
250760,1.0,0.0,0.0,0.0,0.0,0.0,0.0,0.0
250900,1.0,5.0,2.0,5.0,0.0,0.0,0.0,0.0
251130,0.0,0.0,3.0,3.0,5.0,0.0,0.0,5.0
251470,0.0,0.0,0.0,2.0,0.0,0.0,0.0,1.0
251530,0.0,0.0,0.0,2.0,5.0,0.0,0.0,0.0
251570,2.0,0.0,5.0,0.0,0.0,4.0,2.0,3.0
251690,0.0,0.0,0.0,0.0,5.0,0.0,0.0,0.0
251730,0.0,0.0,0.0,0.0,0.0,0.0,0.0,5.0
251870,0.0,0.0,3.0,0.0,0.0,0.0,0.0,4.0
251990,1.0,0.0,0.0,0.0,0.0,0.0,0.0,3.0
252030,1.0,0.0,0.0,0.0,0.0,0.0,0.0,2.0
252170,0.0,0.0,0.0,4.0,0.0,5.0,0.0,0.0
252330,0.0,0.0,0.0,0.0,5.0,0.0,0.0,0.0
252490,1.0,4.0,0.0,5.0,5.0,1.0,2.0,4.0
252610,0.0,0.0,0.0,0.0,0.0,0.0,0.0,2.0
252630,0.0,0.0,0.0,0.0,0.0,0.0,0.0,2.0
252670,0.0,0.0,0.0,0.0,3.0,0.0,0.0,0.0
252690,1.0,0.0,0.0,0.0,0.0,0.0,0.0,0.0
252710,0.0,0.0,0.0,0.0,5.0,0.0,0.0,0.0
252950,0.0,0.0,0.0,5.0,5.0,3.0,5.0,0.0
253030,0.0,0.0,0.0,0.0,0.0,0.0,0.0,3.0
253110,0.0,0.0,0.0,0.0,5.0,0.0,0.0,0.0
253330,0.0,0.0,3.0,0.0,0.0,0.0,0.0,0.0
253370,0.0,0.0,0.0,0.0,1.0,0.0,0.0,0.0
253390,0.0,0.0,0.0,2.0,0.0,0.0,0.0,0.0
253610,0.0,0.0,0.0,0.0,0.0,0.0,0.0,5.0
253790,2.0,0.0,0.0,0.0,0.0,0.0,0.0,0.0
253880,0.0,0.0,0.0,0.0,3.0,0.0,0.0,0.0
253900,0.0,4.0,0.0,2.0,5.0,0.0,0.0,0.0
253980,0.0,0.0,4.0,0.0,5.0,0.0,0.0,0.0
254060,0.0,0.0,2.0,0.0,2.0,3.0,0.0,0.0
254080,0.0,0.0,0.0,0.0,4.0,0.0,0.0,0.0
254700,0.0,0.0,0.0,0.0,5.0,0.0,0.0,5.0
255070,0.0,0.0,0.0,0.0,0.0,0.0,0.0,5.0
255220,0.0,0.0,0.0,0.0,0.0,0.0,0.0,5.0
255710,2.0,5.0,1.0,0.0,0.0,0.0,0.0,2.0
257510,5.0,0.0,5.0,0.0,0.0,0.0,0.0,5.0
257690,5.0,0.0,0.0,0.0,0.0,0.0,0.0,0.0
257830,0.0,0.0,0.0,0.0,0.0,5.0,0.0,0.0
257850,1.0,0.0,0.0,2.0,0.0,0.0,0.0,0.0
258090,0.0,0.0,0.0,0.0,0.0,0.0,0.0,3.0
258200,0.0,0.0,0.0,3.0,0.0,0.0,0.0,0.0
258220,0.0,0.0,0.0,2.0,0.0,0.0,0.0,0.0
258520,5.0,0.0,0.0,0.0,0.0,0.0,0.0,0.0
258910,0.0,0.0,0.0,0.0,3.0,0.0,0.0,5.0
258970,0.0,0.0,0.0,5.0,5.0,5.0,0.0,0.0
259080,0.0,0.0,0.0,0.0,1.0,0.0,0.0,0.0
259320,0.0,0.0,0.0,0.0,0.0,3.0,0.0,0.0
260230,0.0,0.0,0.0,4.0,0.0,0.0,0.0,0.0
260250,0.0,0.0,0.0,3.0,0.0,0.0,0.0,0.0
261110,0.0,0.0,2.0,2.0,4.0,2.0,0.0,0.0
261180,0.0,0.0,0.0,0.0,4.0,4.0,0.0,5.0
261640,0.0,0.0,4.0,0.0,2.0,2.0,0.0,0.0
261760,0.0,0.0,0.0,2.0,0.0,4.0,0.0,0.0
262060,3.0,0.0,0.0,5.0,0.0,0.0,0.0,0.0
262150,1.0,0.0,0.0,5.0,5.0,0.0,0.0,4.0
262280,0.0,0.0,0.0,2.0,4.0,5.0,0.0,0.0
262470,0.0,0.0,0.0,0.0,5.0,0.0,0.0,0.0
263060,0.0,0.0,2.0,2.0,4.0,4.0,0.0,0.0
263080,0.0,0.0,0.0,0.0,0.0,5.0,0.0,0.0
263280,0.0,0.0,0.0,0.0,0.0,0.0,0.0,4.0
263620,0.0,0.0,0.0,0.0,0.0,0.0,0.0,5.0
263980,0.0,0.0,3.0,0.0,0.0,5.0,0.0,0.0
264240,2.0,0.0,0.0,4.0,0.0,0.0,0.0,0.0
264280,0.0,0.0,0.0,0.0,2.0,0.0,0.0,0.0
264710,5.0,0.0,0.0,0.0,0.0,0.0,0.0,0.0
264730,0.0,0.0,0.0,0.0,5.0,0.0,0.0,0.0
265210,0.0,0.0,0.0,2.0,5.0,0.0,0.0,0.0
265300,0.0,0.0,0.0,2.0,0.0,0.0,0.0,0.0
265330,0.0,0.0,0.0,0.0,0.0,5.0,0.0,0.0
265590,0.0,0.0,0.0,0.0,4.0,3.0,0.0,0.0
265690,5.0,0.0,0.0,0.0,0.0,0.0,0.0,0.0
265890,5.0,0.0,0.0,0.0,0.0,0.0,0.0,0.0
265930,0.0,0.0,0.0,5.0,5.0,5.0,2.0,0.0
266010,3.0,0.0,0.0,0.0,0.0,4.0,0.0,0.0
266110,0.0,0.0,0.0,0.0,0.0,0.0,0.0,2.0
266130,0.0,0.0,0.0,5.0,0.0,0.0,0.0,0.0
266210,0.0,0.0,0.0,0.0,0.0,0.0,0.0,5.0
266310,0.0,0.0,0.0,5.0,0.0,0.0,0.0,0.0
266430,0.0,0.0,0.0,1.0,0.0,0.0,0.0,0.0
267060,0.0,0.0,0.0,0.0,0.0,2.0,0.0,0.0
267360,3.0,0.0,0.0,0.0,0.0,0.0,0.0,0.0
267920,0.0,0.0,0.0,0.0,0.0,5.0,0.0,0.0
267940,0.0,0.0,0.0,0.0,3.0,0.0,0.0,0.0
267980,0.0,0.0,0.0,2.0,0.0,5.0,0.0,0.0
268500,1.0,0.0,0.0,0.0,0.0,0.0,0.0,3.0
268870,0.0,0.0,0.0,0.0,5.0,5.0,0.0,0.0
268910,2.0,0.0,0.0,0.0,0.0,0.0,0.0,0.0
269210,0.0,3.0,0.0,2.0,0.0,0.0,2.0,5.0
269250,0.0,0.0,2.0,0.0,0.0,0.0,0.0,0.0
269710,0.0,0.0,0.0,0.0,0.0,3.0,0.0,0.0
269790,0.0,0.0,0.0,0.0,5.0,0.0,0.0,0.0
269890,0.0,0.0,0.0,0.0,0.0,0.0,0.0,5.0
270090,0.0,0.0,0.0,0.0,0.0,4.0,0.0,0.0
270450,0.0,0.0,0.0,0.0,0.0,0.0,0.0,3.0
270550,0.0,0.0,0.0,2.0,3.0,2.0,0.0,0.0
270570,0.0,0.0,0.0,0.0,2.0,0.0,0.0,0.0
271240,0.0,0.0,0.0,0.0,0.0,2.0,0.0,0.0
271500,0.0,0.0,0.0,0.0,5.0,0.0,0.0,0.0
271570,0.0,0.0,0.0,0.0,5.0,4.0,0.0,0.0
271590,2.0,5.0,4.0,0.0,0.0,5.0,5.0,5.0
271640,0.0,0.0,0.0,0.0,4.0,0.0,0.0,0.0
271730,0.0,0.0,0.0,0.0,0.0,0.0,0.0,3.0
271860,0.0,0.0,0.0,0.0,0.0,5.0,0.0,0.0
272040,2.0,0.0,0.0,0.0,0.0,0.0,0.0,0.0
272060,0.0,0.0,0.0,0.0,5.0,0.0,0.0,0.0
272270,5.0,0.0,0.0,0.0,0.0,0.0,0.0,0.0
272470,0.0,0.0,0.0,0.0,0.0,0.0,0.0,2.0
272510,0.0,1.0,0.0,0.0,0.0,0.0,0.0,0.0
273110,0.0,0.0,0.0,2.0,1.0,0.0,0.0,0.0
273500,0.0,0.0,0.0,0.0,0.0,5.0,0.0,0.0
273770,0.0,0.0,0.0,0.0,4.0,3.0,0.0,0.0
274170,1.0,0.0,0.0,5.0,5.0,0.0,0.0,0.0
274190,2.0,0.0,4.0,5.0,0.0,0.0,0.0,0.0
274270,0.0,0.0,0.0,4.0,0.0,0.0,0.0,0.0
274350,0.0,0.0,0.0,2.0,0.0,0.0,0.0,0.0
274560,0.0,0.0,2.0,0.0,4.0,0.0,0.0,0.0
274900,0.0,0.0,0.0,3.0,0.0,0.0,0.0,0.0
274940,0.0,0.0,0.0,0.0,0.0,2.0,0.0,0.0
275390,0.0,0.0,0.0,0.0,5.0,0.0,0.0,0.0
275490,0.0,0.0,0.0,0.0,5.0,5.0,0.0,0.0
275670,0.0,0.0,0.0,0.0,0.0,0.0,0.0,5.0
275850,2.0,0.0,5.0,0.0,0.0,0.0,0.0,2.0
277430,0.0,0.0,0.0,0.0,0.0,2.0,0.0,0.0
277890,0.0,0.0,0.0,2.0,0.0,0.0,0.0,0.0
278100,0.0,0.0,0.0,0.0,5.0,0.0,0.0,0.0
278360,0.0,0.0,0.0,3.0,4.0,2.0,5.0,5.0
278460,0.0,0.0,0.0,2.0,0.0,0.0,0.0,0.0
279640,0.0,0.0,0.0,0.0,4.0,0.0,0.0,0.0
280640,0.0,0.0,0.0,0.0,2.0,0.0,0.0,0.0
281200,0.0,0.0,0.0,5.0,0.0,0.0,0.0,0.0
281860,0.0,0.0,0.0,0.0,0.0,0.0,0.0,4.0
281920,0.0,0.0,0.0,0.0,0.0,4.0,0.0,0.0
281990,4.0,2.0,0.0,0.0,0.0,0.0,0.0,0.0
282070,0.0,0.0,5.0,0.0,0.0,0.0,0.0,5.0
282100,0.0,0.0,0.0,2.0,0.0,0.0,0.0,0.0
282140,5.0,0.0,0.0,3.0,5.0,0.0,0.0,0.0
282660,0.0,0.0,0.0,3.0,0.0,0.0,0.0,0.0
282800,0.0,0.0,1.0,0.0,0.0,0.0,0.0,0.0
282900,0.0,0.0,0.0,0.0,0.0,0.0,0.0,2.0
283230,0.0,0.0,0.0,2.0,2.0,0.0,0.0,0.0
283290,0.0,0.0,0.0,2.0,2.0,4.0,0.0,0.0
283390,0.0,5.0,0.0,0.0,0.0,5.0,0.0,0.0
283640,1.0,0.0,0.0,0.0,0.0,0.0,0.0,0.0
283680,0.0,0.0,0.0,0.0,0.0,0.0,0.0,5.0
283880,0.0,0.0,0.0,0.0,1.0,0.0,0.0,0.0
284930,0.0,0.0,0.0,0.0,0.0,3.0,0.0,0.0
284950,0.0,0.0,0.0,0.0,5.0,3.0,0.0,0.0
284990,0.0,0.0,0.0,0.0,1.0,1.0,0.0,0.0
285010,0.0,0.0,0.0,0.0,5.0,5.0,0.0,0.0
285090,0.0,0.0,0.0,0.0,5.0,5.0,0.0,0.0
285130,0.0,0.0,0.0,0.0,3.0,3.0,0.0,0.0
285440,0.0,0.0,0.0,2.0,0.0,0.0,0.0,3.0
285800,0.0,0.0,0.0,3.0,0.0,2.0,0.0,0.0
285820,0.0,0.0,0.0,0.0,0.0,0.0,0.0,3.0
286100,0.0,0.0,0.0,1.0,5.0,0.0,0.0,0.0
286160,2.0,0.0,0.0,0.0,0.0,0.0,0.0,2.0
286200,0.0,0.0,0.0,0.0,0.0,5.0,0.0,0.0
286260,0.0,0.0,2.0,0.0,0.0,2.0,0.0,0.0
286360,0.0,0.0,0.0,0.0,0.0,5.0,0.0,0.0
286570,0.0,0.0,0.0,0.0,4.0,4.0,0.0,0.0
286690,2.0,0.0,2.0,0.0,0.0,5.0,0.0,0.0
287100,0.0,1.0,0.0,0.0,0.0,0.0,0.0,0.0
287120,0.0,0.0,2.0,3.0,3.0,5.0,0.0,0.0
287290,0.0,0.0,3.0,0.0,0.0,0.0,0.0,5.0
287390,2.0,0.0,0.0,0.0,0.0,0.0,0.0,0.0
287450,0.0,0.0,0.0,0.0,2.0,0.0,0.0,0.0
287700,2.0,0.0,4.0,5.0,0.0,2.0,0.0,1.0
287980,2.0,0.0,0.0,4.0,0.0,0.0,0.0,0.0
288160,2.0,0.0,0.0,0.0,0.0,0.0,0.0,0.0
289070,1.0,5.0,5.0,2.0,0.0,0.0,0.0,2.0
289090,0.0,0.0,0.0,0.0,4.0,5.0,0.0,0.0
289130,2.0,0.0,0.0,0.0,0.0,2.0,0.0,0.0
289650,0.0,0.0,1.0,0.0,0.0,0.0,0.0,0.0
289690,0.0,0.0,0.0,0.0,0.0,0.0,0.0,5.0
290260,5.0,0.0,0.0,0.0,0.0,0.0,0.0,0.0
290770,0.0,0.0,0.0,0.0,5.0,0.0,0.0,0.0
291390,0.0,0.0,0.0,0.0,0.0,2.0,0.0,0.0
291410,1.0,0.0,0.0,0.0,0.0,0.0,0.0,0.0
291480,0.0,0.0,0.0,1.0,0.0,0.0,0.0,0.0
291550,0.0,0.0,0.0,0.0,0.0,0.0,5.0,0.0
291650,2.0,0.0,0.0,0.0,0.0,0.0,0.0,0.0
291860,2.0,0.0,0.0,0.0,0.0,0.0,0.0,0.0
292030,5.0,5.0,5.0,0.0,0.0,2.0,0.0,5.0
292120,1.0,0.0,0.0,0.0,0.0,0.0,0.0,0.0
292140,1.0,0.0,0.0,0.0,0.0,0.0,0.0,0.0
292370,0.0,0.0,0.0,0.0,5.0,5.0,0.0,0.0
292380,0.0,0.0,0.0,3.0,3.0,4.0,0.0,0.0
292410,0.0,0.0,0.0,0.0,5.0,5.0,0.0,0.0
292480,0.0,0.0,0.0,0.0,0.0,0.0,0.0,4.0
292570,0.0,0.0,0.0,0.0,5.0,5.0,0.0,0.0
292620,0.0,0.0,0.0,0.0,3.0,5.0,0.0,0.0
292630,0.0,0.0,0.0,3.0,2.0,5.0,0.0,0.0
292730,0.0,0.0,0.0,0.0,0.0,2.0,0.0,0.0
292910,0.0,0.0,0.0,3.0,5.0,2.0,0.0,0.0
293180,0.0,0.0,0.0,3.0,2.0,5.0,0.0,0.0
293320,0.0,0.0,0.0,0.0,5.0,0.0,0.0,0.0
293780,0.0,0.0,0.0,0.0,0.0,0.0,0.0,5.0
294020,0.0,0.0,3.0,0.0,0.0,4.0,0.0,0.0
294040,0.0,0.0,0.0,0.0,3.0,3.0,0.0,0.0
294100,5.0,0.0,0.0,5.0,0.0,0.0,0.0,0.0
294230,0.0,0.0,2.0,0.0,4.0,4.0,0.0,0.0
294440,0.0,0.0,0.0,0.0,0.0,0.0,0.0,5.0
294750,0.0,0.0,0.0,3.0,0.0,0.0,0.0,0.0
294810,0.0,0.0,0.0,0.0,0.0,0.0,0.0,5.0
294860,0.0,0.0,2.0,0.0,0.0,0.0,0.0,0.0
295690,0.0,0.0,0.0,0.0,5.0,0.0,0.0,0.0
295790,1.0,0.0,3.0,0.0,0.0,0.0,0.0,0.0
295930,0.0,0.0,0.0,0.0,3.0,0.0,0.0,0.0
296070,0.0,0.0,0.0,0.0,5.0,0.0,0.0,0.0
296490,2.0,0.0,0.0,1.0,0.0,0.0,0.0,0.0
296770,0.0,0.0,0.0,2.0,4.0,0.0,0.0,0.0
296830,0.0,0.0,3.0,0.0,0.0,0.0,0.0,0.0
296910,0.0,0.0,0.0,5.0,0.0,0.0,0.0,0.0
296970,0.0,0.0,0.0,2.0,0.0,0.0,0.0,5.0
297020,0.0,0.0,0.0,3.0,3.0,5.0,0.0,0.0
297130,0.0,0.0,0.0,1.0,0.0,0.0,0.0,3.0
298260,0.0,0.0,0.0,0.0,5.0,0.0,0.0,0.0
298600,0.0,0.0,0.0,0.0,3.0,0.0,0.0,0.0
298630,0.0,2.0,0.0,4.0,0.0,0.0,0.0,0.0
299260,0.0,0.0,0.0,3.0,5.0,5.0,0.0,0.0
299360,0.0,0.0,0.0,2.0,0.0,0.0,1.0,0.0
299460,0.0,0.0,5.0,3.0,5.0,4.0,0.0,0.0
299720,0.0,0.0,0.0,0.0,3.0,3.0,0.0,0.0
299740,0.0,0.0,2.0,0.0,2.0,0.0,0.0,0.0
300220,0.0,0.0,0.0,0.0,3.0,0.0,0.0,0.0
300550,0.0,0.0,0.0,2.0,3.0,0.0,0.0,5.0
300570,2.0,0.0,0.0,0.0,0.0,0.0,0.0,0.0
300580,0.0,0.0,0.0,0.0,5.0,0.0,0.0,0.0
301190,0.0,0.0,0.0,0.0,3.0,4.0,0.0,0.0
301200,0.0,0.0,2.0,0.0,0.0,3.0,0.0,0.0
301520,0.0,2.0,0.0,0.0,0.0,0.0,0.0,0.0
301640,0.0,0.0,3.0,0.0,0.0,5.0,0.0,0.0
301750,0.0,0.0,0.0,3.0,5.0,3.0,0.0,0.0
301970,0.0,0.0,0.0,0.0,0.0,0.0,0.0,5.0
302310,0.0,0.0,0.0,0.0,0.0,3.0,0.0,0.0
302510,0.0,0.0,0.0,0.0,4.0,0.0,0.0,0.0
302710,0.0,0.0,0.0,3.0,5.0,0.0,0.0,0.0
303210,3.0,0.0,0.0,0.0,0.0,0.0,0.0,0.0
303390,0.0,0.0,0.0,2.0,5.0,3.0,0.0,0.0
303720,0.0,0.0,0.0,0.0,3.0,0.0,0.0,0.0
304050,0.0,1.0,0.0,0.0,0.0,0.0,5.0,0.0
304390,0.0,3.0,0.0,2.0,5.0,4.0,0.0,0.0
304410,3.0,0.0,0.0,0.0,0.0,0.0,0.0,0.0
304430,2.0,0.0,0.0,0.0,2.0,0.0,0.0,0.0
304460,0.0,0.0,5.0,0.0,0.0,0.0,0.0,0.0
304650,2.0,0.0,0.0,0.0,0.0,0.0,0.0,0.0
304930,1.0,2.0,5.0,5.0,5.0,1.0,1.0,0.0
305620,0.0,0.0,0.0,0.0,0.0,0.0,5.0,0.0
306040,0.0,0.0,4.0,0.0,0.0,4.0,0.0,0.0
306350,0.0,0.0,0.0,3.0,5.0,5.0,0.0,0.0
306410,0.0,0.0,0.0,0.0,5.0,0.0,0.0,0.0
307070,0.0,0.0,0.0,0.0,2.0,2.0,0.0,0.0
307170,0.0,0.0,0.0,0.0,5.0,0.0,0.0,0.0
307230,0.0,0.0,0.0,0.0,0.0,5.0,0.0,0.0
307590,0.0,0.0,0.0,2.0,0.0,0.0,0.0,5.0
307690,0.0,0.0,0.0,0.0,0.0,0.0,5.0,0.0
307780,0.0,0.0,0.0,0.0,0.0,3.0,0.0,0.0
307880,0.0,0.0,0.0,0.0,2.0,0.0,0.0,0.0
308000,0.0,0.0,0.0,0.0,2.0,5.0,0.0,0.0
308040,0.0,0.0,3.0,0.0,0.0,4.0,0.0,3.0
308420,2.0,0.0,0.0,0.0,0.0,0.0,0.0,0.0
308600,0.0,0.0,0.0,0.0,5.0,2.0,0.0,0.0
310560,0.0,0.0,0.0,1.0,5.0,3.0,2.0,0.0
310700,0.0,0.0,0.0,2.0,0.0,0.0,0.0,0.0
310740,0.0,0.0,0.0,0.0,0.0,0.0,0.0,5.0
310950,0.0,0.0,0.0,0.0,0.0,0.0,0.0,1.0
311210,0.0,0.0,0.0,0.0,0.0,5.0,2.0,2.0
311250,0.0,0.0,0.0,0.0,4.0,0.0,0.0,0.0
311340,3.0,0.0,0.0,0.0,0.0,0.0,0.0,0.0
311560,0.0,0.0,0.0,0.0,0.0,0.0,2.0,0.0
311690,1.0,0.0,0.0,5.0,0.0,0.0,0.0,2.0
311860,0.0,0.0,2.0,2.0,0.0,3.0,0.0,0.0
312610,0.0,0.0,0.0,0.0,3.0,0.0,0.0,0.0
312840,0.0,0.0,0.0,0.0,5.0,0.0,0.0,0.0
312990,0.0,0.0,0.0,5.0,2.0,1.0,0.0,0.0
313010,0.0,0.0,0.0,0.0,0.0,0.0,0.0,5.0
313020,0.0,0.0,0.0,2.0,2.0,0.0,0.0,0.0
313080,0.0,0.0,0.0,0.0,0.0,0.0,0.0,5.0
313140,0.0,0.0,0.0,0.0,2.0,5.0,0.0,0.0
313400,0.0,0.0,0.0,0.0,0.0,0.0,0.0,5.0
313740,0.0,0.0,3.0,4.0,0.0,5.0,0.0,0.0
313830,0.0,0.0,0.0,0.0,0.0,2.0,0.0,0.0
314010,0.0,0.0,0.0,0.0,5.0,0.0,0.0,0.0
314020,0.0,0.0,3.0,0.0,0.0,4.0,0.0,0.0
314250,0.0,0.0,0.0,5.0,5.0,0.0,0.0,0.0
314280,0.0,0.0,0.0,0.0,5.0,0.0,0.0,0.0
314830,0.0,0.0,0.0,0.0,0.0,0.0,0.0,5.0
315060,0.0,0.0,0.0,0.0,3.0,3.0,0.0,0.0
315070,0.0,0.0,0.0,3.0,5.0,0.0,0.0,0.0
315110,0.0,0.0,0.0,0.0,0.0,0.0,0.0,5.0
315430,0.0,0.0,3.0,0.0,5.0,0.0,0.0,0.0
315810,0.0,0.0,4.0,0.0,0.0,0.0,0.0,0.0
316010,0.0,0.0,0.0,0.0,0.0,0.0,0.0,5.0
316600,0.0,0.0,0.0,0.0,0.0,0.0,0.0,3.0
316790,1.0,0.0,0.0,3.0,0.0,0.0,0.0,5.0
316840,0.0,0.0,0.0,0.0,0.0,0.0,0.0,2.0
317250,0.0,0.0,0.0,0.0,0.0,3.0,0.0,0.0
317300,0.0,0.0,0.0,0.0,0.0,0.0,0.0,5.0
317710,0.0,0.0,0.0,0.0,0.0,0.0,0.0,5.0
318100,0.0,0.0,0.0,2.0,0.0,0.0,0.0,0.0
318220,0.0,0.0,0.0,0.0,2.0,0.0,0.0,0.0
318530,0.0,0.0,0.0,0.0,0.0,0.0,0.0,2.0
318600,0.0,0.0,0.0,3.0,5.0,5.0,0.0,0.0
319180,0.0,0.0,0.0,0.0,0.0,5.0,0.0,0.0
319630,5.0,5.0,5.0,2.0,5.0,4.0,0.0,5.0
319830,0.0,0.0,0.0,0.0,0.0,4.0,0.0,0.0
319910,0.0,0.0,3.0,0.0,0.0,0.0,0.0,0.0
319970,0.0,0.0,0.0,0.0,5.0,0.0,0.0,0.0
320150,0.0,0.0,0.0,3.0,0.0,0.0,0.0,0.0
320240,0.0,0.0,4.0,0.0,0.0,0.0,0.0,0.0
321150,0.0,0.0,0.0,0.0,2.0,5.0,0.0,0.0
321260,0.0,0.0,0.0,0.0,5.0,0.0,0.0,0.0
321360,0.0,0.0,0.0,0.0,0.0,5.0,0.0,0.0
321400,0.0,0.0,0.0,0.0,5.0,4.0,0.0,0.0
321480,2.0,0.0,0.0,0.0,0.0,0.0,0.0,0.0
321800,1.0,0.0,0.0,0.0,0.0,0.0,0.0,0.0
321870,0.0,0.0,0.0,0.0,4.0,0.0,0.0,0.0
322170,0.0,0.0,0.0,2.0,0.0,2.0,0.0,0.0
322290,0.0,0.0,0.0,0.0,0.0,0.0,0.0,4.0
322330,2.0,5.0,5.0,5.0,3.0,3.0,2.0,2.0
322500,1.0,0.0,0.0,5.0,0.0,0.0,0.0,0.0
323060,0.0,0.0,0.0,0.0,5.0,0.0,0.0,0.0
323190,2.0,0.0,5.0,0.0,0.0,0.0,0.0,0.0
323320,0.0,0.0,0.0,0.0,0.0,0.0,2.0,0.0
323380,0.0,0.0,0.0,0.0,0.0,0.0,0.0,5.0
323490,0.0,0.0,3.0,0.0,0.0,0.0,0.0,0.0
323580,0.0,0.0,3.0,2.0,4.0,4.0,0.0,0.0
323720,0.0,0.0,0.0,0.0,5.0,0.0,0.0,0.0
323850,0.0,0.0,2.0,5.0,0.0,0.0,0.0,0.0
325120,0.0,0.0,2.0,0.0,0.0,0.0,0.0,0.0
325370,0.0,0.0,0.0,0.0,0.0,0.0,0.0,5.0
325610,0.0,0.0,0.0,0.0,0.0,0.0,0.0,4.0
326120,0.0,0.0,0.0,0.0,3.0,5.0,0.0,0.0
326460,0.0,0.0,0.0,0.0,0.0,0.0,4.0,0.0
326480,0.0,0.0,2.0,0.0,0.0,0.0,0.0,0.0
326520,5.0,0.0,0.0,0.0,0.0,0.0,0.0,0.0
326670,0.0,0.0,1.0,0.0,0.0,0.0,0.0,0.0
326730,0.0,0.0,0.0,4.0,0.0,0.0,0.0,5.0
326950,0.0,0.0,0.0,0.0,0.0,2.0,0.0,0.0
327030,0.0,0.0,0.0,0.0,0.0,0.0,2.0,0.0
327140,5.0,0.0,0.0,0.0,0.0,0.0,0.0,0.0
327510,0.0,0.0,0.0,4.0,0.0,0.0,0.0,0.0
327560,0.0,0.0,0.0,0.0,0.0,5.0,0.0,0.0
327890,0.0,0.0,0.0,4.0,5.0,0.0,0.0,5.0
328680,0.0,0.0,0.0,0.0,2.0,0.0,0.0,0.0
328760,0.0,0.0,0.0,0.0,0.0,0.0,0.0,5.0
329000,0.0,0.0,2.0,2.0,0.0,3.0,0.0,0.0
329380,0.0,0.0,0.0,2.0,4.0,0.0,0.0,0.0
329490,0.0,0.0,0.0,0.0,0.0,0.0,0.0,5.0
330180,0.0,0.0,0.0,0.0,0.0,0.0,0.0,5.0
330270,0.0,0.0,0.0,0.0,5.0,0.0,0.0,0.0
330350,0.0,0.0,0.0,0.0,0.0,5.0,0.0,0.0
330820,0.0,0.0,0.0,0.0,0.0,0.0,0.0,5.0
331470,0.0,5.0,0.0,0.0,3.0,0.0,0.0,0.0
331790,0.0,0.0,0.0,3.0,0.0,5.0,0.0,0.0
331870,0.0,0.0,0.0,0.0,0.0,0.0,0.0,5.0
332200,5.0,0.0,0.0,0.0,0.0,0.0,0.0,0.0
332480,0.0,0.0,0.0,0.0,0.0,3.0,0.0,0.0
332790,0.0,0.0,0.0,0.0,5.0,0.0,0.0,0.0
333220,0.0,0.0,0.0,0.0,0.0,0.0,0.0,2.0
333600,0.0,0.0,4.0,0.0,0.0,0.0,0.0,0.0
334070,0.0,0.0,0.0,5.0,5.0,0.0,0.0,0.0
334210,0.0,0.0,0.0,0.0,0.0,2.0,1.0,0.0
334230,0.0,0.0,0.0,5.0,0.0,0.0,1.0,0.0
334300,0.0,0.0,0.0,0.0,2.0,0.0,0.0,0.0
335240,0.0,5.0,0.0,0.0,0.0,0.0,0.0,0.0
335300,1.0,0.0,3.0,0.0,0.0,0.0,0.0,0.0
336200,0.0,0.0,0.0,4.0,5.0,0.0,0.0,0.0
336280,0.0,0.0,0.0,0.0,2.0,0.0,0.0,0.0
336420,0.0,0.0,0.0,0.0,5.0,5.0,0.0,0.0
337000,5.0,0.0,0.0,0.0,0.0,0.0,0.0,2.0
337150,0.0,0.0,0.0,0.0,0.0,0.0,0.0,5.0
337320,0.0,0.0,0.0,5.0,0.0,0.0,0.0,0.0
337420,0.0,0.0,0.0,0.0,0.0,2.0,0.0,0.0
338530,0.0,0.0,0.0,0.0,5.0,0.0,0.0,0.0
339200,0.0,0.0,0.0,0.0,0.0,0.0,0.0,5.0
339470,0.0,0.0,0.0,0.0,5.0,2.0,0.0,0.0
339610,0.0,0.0,0.0,0.0,0.0,0.0,1.0,0.0
339800,0.0,0.0,2.0,3.0,5.0,0.0,0.0,0.0
340070,0.0,0.0,0.0,0.0,3.0,3.0,0.0,0.0
340220,0.0,0.0,0.0,0.0,0.0,4.0,0.0,0.0
340300,0.0,0.0,0.0,0.0,0.0,3.0,0.0,0.0
340310,0.0,0.0,0.0,0.0,0.0,3.0,0.0,0.0
340320,0.0,0.0,0.0,0.0,0.0,5.0,0.0,0.0
340730,0.0,0.0,4.0,0.0,0.0,0.0,0.0,0.0
341120,0.0,0.0,0.0,2.0,0.0,0.0,0.0,0.0
341160,0.0,0.0,0.0,0.0,0.0,5.0,0.0,0.0
341310,0.0,0.0,2.0,0.0,0.0,3.0,0.0,0.0
341500,0.0,0.0,2.0,0.0,0.0,3.0,0.0,0.0
341530,0.0,0.0,0.0,0.0,0.0,0.0,0.0,5.0
341780,0.0,0.0,0.0,0.0,2.0,0.0,0.0,0.0
341800,0.0,0.0,0.0,5.0,0.0,0.0,0.0,0.0
342180,2.0,0.0,0.0,0.0,0.0,0.0,0.0,0.0
342380,0.0,0.0,2.0,2.0,0.0,2.0,0.0,0.0
342580,0.0,0.0,0.0,0.0,0.0,4.0,0.0,0.0
343100,0.0,0.0,0.0,0.0,3.0,0.0,0.0,0.0
343270,0.0,0.0,3.0,0.0,0.0,0.0,0.0,0.0
343360,0.0,0.0,0.0,2.0,3.0,3.0,0.0,0.0
343710,0.0,0.0,2.0,2.0,2.0,2.0,0.0,0.0
343800,0.0,0.0,0.0,0.0,0.0,0.0,0.0,5.0
343860,3.0,0.0,0.0,0.0,0.0,0.0,0.0,0.0
344130,0.0,0.0,0.0,0.0,5.0,4.0,0.0,0.0
344300,0.0,0.0,0.0,0.0,0.0,5.0,0.0,0.0
344770,0.0,0.0,4.0,0.0,0.0,0.0,0.0,0.0
344850,0.0,0.0,0.0,4.0,0.0,0.0,0.0,0.0
345180,0.0,0.0,0.0,2.0,0.0,0.0,0.0,0.0
345220,0.0,0.0,0.0,2.0,3.0,4.0,0.0,0.0
345820,0.0,0.0,0.0,0.0,0.0,0.0,0.0,5.0
346010,0.0,0.0,2.0,2.0,0.0,0.0,0.0,0.0
346180,0.0,0.0,0.0,0.0,2.0,0.0,0.0,0.0
346500,0.0,0.0,0.0,0.0,3.0,0.0,0.0,0.0
346630,0.0,0.0,0.0,0.0,2.0,3.0,0.0,0.0
346900,2.0,0.0,0.0,3.0,0.0,0.0,0.0,0.0
346950,0.0,0.0,0.0,0.0,5.0,5.0,0.0,0.0
347160,0.0,0.0,0.0,5.0,0.0,0.0,0.0,0.0
347430,0.0,0.0,0.0,0.0,0.0,4.0,0.0,0.0
347560,0.0,0.0,0.0,0.0,5.0,4.0,0.0,0.0
347620,0.0,0.0,5.0,0.0,0.0,0.0,0.0,0.0
348250,5.0,0.0,0.0,0.0,0.0,0.0,0.0,0.0
348870,0.0,0.0,0.0,0.0,2.0,0.0,0.0,0.0
348950,0.0,0.0,3.0,0.0,0.0,4.0,0.0,5.0
349220,0.0,0.0,0.0,0.0,5.0,0.0,0.0,0.0
349500,0.0,0.0,0.0,0.0,0.0,2.0,0.0,0.0
349790,0.0,0.0,0.0,0.0,0.0,0.0,0.0,5.0
350810,0.0,0.0,0.0,0.0,5.0,4.0,0.0,0.0
351030,0.0,0.0,0.0,0.0,5.0,0.0,0.0,0.0
351150,0.0,0.0,0.0,0.0,5.0,4.0,0.0,0.0
351250,0.0,0.0,0.0,0.0,0.0,0.0,0.0,5.0
351340,0.0,0.0,0.0,0.0,3.0,0.0,0.0,0.0
351470,0.0,0.0,0.0,0.0,4.0,0.0,0.0,0.0
351490,0.0,0.0,2.0,0.0,0.0,2.0,0.0,0.0
351640,0.0,0.0,3.0,0.0,0.0,0.0,0.0,0.0
351920,0.0,0.0,0.0,0.0,0.0,0.0,0.0,5.0
351940,0.0,0.0,0.0,0.0,5.0,5.0,0.0,0.0
351970,0.0,0.0,5.0,0.0,0.0,0.0,0.0,0.0
353270,0.0,0.0,5.0,0.0,0.0,0.0,0.0,0.0
353550,0.0,0.0,0.0,0.0,0.0,3.0,0.0,0.0
353640,0.0,0.0,0.0,4.0,0.0,0.0,0.0,0.0
354240,0.0,0.0,2.0,3.0,0.0,0.0,0.0,2.0
354920,0.0,0.0,0.0,0.0,0.0,5.0,0.0,0.0
355240,0.0,0.0,0.0,0.0,0.0,0.0,0.0,5.0
355430,0.0,0.0,0.0,0.0,0.0,5.0,0.0,0.0
355790,0.0,0.0,0.0,0.0,5.0,0.0,0.0,0.0
356050,0.0,0.0,0.0,0.0,0.0,0.0,0.0,5.0
356520,0.0,0.0,0.0,0.0,5.0,0.0,0.0,0.0
356570,0.0,0.0,0.0,5.0,5.0,0.0,0.0,0.0
356670,0.0,0.0,3.0,0.0,0.0,0.0,0.0,0.0
357190,2.0,0.0,0.0,0.0,0.0,0.0,0.0,0.0
357200,0.0,0.0,0.0,0.0,2.0,0.0,0.0,0.0
357290,0.0,0.0,0.0,0.0,3.0,3.0,0.0,0.0
357780,0.0,0.0,0.0,0.0,0.0,2.0,0.0,0.0
357900,0.0,0.0,0.0,0.0,2.0,4.0,0.0,0.0
358080,0.0,0.0,0.0,0.0,2.0,4.0,0.0,0.0
358650,0.0,0.0,0.0,2.0,0.0,0.0,0.0,0.0
358750,0.0,0.0,5.0,0.0,0.0,0.0,0.0,0.0
358830,0.0,0.0,0.0,0.0,0.0,5.0,0.0,0.0
359310,0.0,0.0,0.0,0.0,0.0,0.0,0.0,5.0
359320,1.0,0.0,0.0,0.0,0.0,0.0,0.0,0.0
359390,0.0,0.0,3.0,0.0,0.0,0.0,0.0,0.0
359550,0.0,2.0,5.0,0.0,2.0,0.0,5.0,5.0
359580,0.0,0.0,0.0,0.0,5.0,0.0,0.0,0.0
359870,1.0,0.0,0.0,0.0,0.0,0.0,0.0,0.0
360010,0.0,0.0,0.0,5.0,0.0,0.0,0.0,5.0
360150,0.0,0.0,0.0,0.0,0.0,0.0,0.0,5.0
360380,0.0,0.0,3.0,0.0,0.0,3.0,0.0,0.0
360620,0.0,0.0,0.0,0.0,0.0,5.0,0.0,0.0
360640,0.0,0.0,0.0,0.0,0.0,4.0,0.0,0.0
360650,0.0,0.0,0.0,0.0,0.0,3.0,0.0,0.0
360890,0.0,0.0,0.0,0.0,5.0,0.0,0.0,0.0
360970,0.0,0.0,0.0,0.0,5.0,3.0,0.0,0.0
361190,0.0,0.0,0.0,0.0,0.0,5.0,0.0,0.0
361420,0.0,0.0,0.0,0.0,0.0,0.0,0.0,1.0
361600,0.0,0.0,0.0,0.0,2.0,0.0,0.0,0.0
361630,0.0,0.0,0.0,0.0,5.0,0.0,0.0,0.0
361990,0.0,0.0,0.0,5.0,0.0,0.0,0.0,0.0
362610,0.0,0.0,0.0,0.0,4.0,3.0,0.0,0.0
362890,1.0,0.0,0.0,4.0,5.0,0.0,0.0,0.0
362960,4.0,0.0,0.0,0.0,0.0,0.0,0.0,0.0
363490,0.0,0.0,0.0,0.0,4.0,4.0,0.0,0.0
363610,0.0,0.0,0.0,0.0,0.0,4.0,0.0,0.0
363890,2.0,0.0,0.0,0.0,0.0,0.0,0.0,0.0
363930,0.0,0.0,0.0,0.0,0.0,0.0,0.0,3.0
363970,5.0,0.0,0.0,0.0,0.0,1.0,0.0,5.0
364050,0.0,0.0,0.0,2.0,2.0,3.0,0.0,0.0
364230,0.0,0.0,0.0,0.0,5.0,0.0,0.0,0.0
364690,0.0,0.0,0.0,4.0,0.0,0.0,0.0,0.0
365300,0.0,0.0,0.0,0.0,4.0,0.0,0.0,0.0
365450,0.0,0.0,2.0,0.0,5.0,5.0,0.0,0.0
365770,0.0,0.0,0.0,5.0,0.0,0.0,0.0,0.0
366760,0.0,0.0,0.0,0.0,5.0,0.0,0.0,0.0
367520,5.0,0.0,0.0,5.0,0.0,0.0,0.0,0.0
367580,0.0,0.0,0.0,0.0,2.0,0.0,0.0,0.0
368160,0.0,0.0,2.0,0.0,0.0,0.0,0.0,0.0
368230,0.0,0.0,0.0,3.0,2.0,5.0,0.0,0.0
368360,0.0,0.0,0.0,4.0,0.0,0.0,0.0,0.0
368370,2.0,0.0,5.0,0.0,5.0,0.0,0.0,0.0
368500,0.0,0.0,5.0,0.0,0.0,0.0,0.0,0.0
368710,0.0,0.0,0.0,0.0,0.0,3.0,0.0,0.0
368730,0.0,0.0,0.0,2.0,5.0,0.0,0.0,5.0
368990,0.0,0.0,0.0,0.0,2.0,4.0,0.0,0.0
370090,0.0,0.0,0.0,0.0,5.0,0.0,0.0,0.0
370360,2.0,0.0,0.0,0.0,0.0,0.0,0.0,0.0
370460,0.0,0.0,0.0,0.0,0.0,0.0,0.0,5.0
370510,0.0,0.0,2.0,0.0,0.0,4.0,0.0,0.0
370910,0.0,0.0,0.0,0.0,4.0,2.0,0.0,0.0
371390,0.0,0.0,0.0,3.0,3.0,0.0,0.0,0.0
371460,0.0,0.0,0.0,0.0,5.0,4.0,0.0,0.0
371570,0.0,0.0,0.0,0.0,2.0,4.0,0.0,0.0
371670,0.0,0.0,0.0,0.0,0.0,3.0,0.0,0.0
372490,0.0,0.0,0.0,0.0,5.0,5.0,0.0,0.0
372750,0.0,0.0,0.0,0.0,0.0,4.0,0.0,0.0
373420,1.0,0.0,0.0,0.0,0.0,0.0,0.0,0.0
373770,0.0,0.0,5.0,0.0,0.0,0.0,0.0,0.0
374040,0.0,0.0,3.0,0.0,0.0,0.0,0.0,0.0
374320,2.0,0.0,5.0,0.0,0.0,0.0,2.0,2.0
374830,0.0,0.0,0.0,0.0,2.0,0.0,0.0,0.0
374900,0.0,0.0,0.0,0.0,0.0,0.0,0.0,5.0
375010,0.0,0.0,0.0,0.0,5.0,4.0,0.0,0.0
375200,0.0,0.0,2.0,2.0,0.0,2.0,0.0,0.0
375460,0.0,0.0,0.0,0.0,0.0,3.0,0.0,0.0
375510,0.0,0.0,0.0,0.0,5.0,4.0,0.0,0.0
375520,0.0,0.0,0.0,0.0,0.0,3.0,0.0,0.0
375820,0.0,0.0,0.0,2.0,0.0,0.0,0.0,0.0
375910,1.0,0.0,0.0,0.0,0.0,0.0,0.0,0.0
376920,0.0,0.0,0.0,0.0,2.0,0.0,0.0,0.0
377160,4.0,0.0,1.0,5.0,0.0,5.0,0.0,5.0
377290,0.0,0.0,0.0,0.0,0.0,3.0,0.0,0.0
377310,0.0,0.0,0.0,0.0,5.0,4.0,0.0,0.0
377330,0.0,0.0,0.0,0.0,5.0,0.0,0.0,0.0
377680,0.0,0.0,2.0,2.0,0.0,2.0,0.0,0.0
378100,0.0,0.0,0.0,0.0,3.0,3.0,0.0,0.0
379640,0.0,0.0,0.0,5.0,0.0,0.0,0.0,0.0
379720,3.0,0.0,2.0,5.0,0.0,5.0,0.0,2.0
380020,0.0,0.0,0.0,0.0,0.0,5.0,0.0,0.0
381140,0.0,0.0,0.0,0.0,5.0,5.0,0.0,0.0
381210,0.0,0.0,5.0,0.0,5.0,0.0,5.0,3.0
382080,0.0,0.0,0.0,0.0,4.0,4.0,0.0,0.0
382120,0.0,0.0,0.0,0.0,4.0,3.0,0.0,0.0
382300,0.0,0.0,0.0,0.0,4.0,0.0,0.0,0.0
382490,0.0,0.0,0.0,0.0,5.0,0.0,0.0,0.0
383080,0.0,0.0,0.0,0.0,0.0,0.0,0.0,5.0
383330,0.0,0.0,0.0,0.0,5.0,5.0,0.0,0.0
383560,0.0,0.0,0.0,0.0,5.0,0.0,0.0,0.0
383580,0.0,0.0,0.0,0.0,3.0,5.0,0.0,0.0
383870,3.0,0.0,0.0,0.0,0.0,0.0,0.0,0.0
384300,0.0,0.0,2.0,0.0,0.0,0.0,0.0,0.0
384740,0.0,0.0,0.0,0.0,5.0,3.0,0.0,0.0
385070,0.0,0.0,0.0,2.0,0.0,5.0,0.0,0.0
385080,0.0,0.0,0.0,0.0,0.0,4.0,0.0,0.0
385270,0.0,0.0,0.0,0.0,4.0,0.0,0.0,0.0
385560,5.0,0.0,0.0,0.0,0.0,0.0,0.0,0.0
385710,0.0,0.0,0.0,3.0,0.0,0.0,0.0,0.0
385800,0.0,0.0,5.0,0.0,0.0,5.0,0.0,0.0
386480,0.0,0.0,3.0,0.0,0.0,2.0,0.0,0.0
386620,5.0,0.0,0.0,0.0,0.0,0.0,0.0,5.0
386940,0.0,0.0,2.0,2.0,0.0,0.0,0.0,0.0
387290,5.0,0.0,0.0,0.0,0.0,0.0,0.0,0.0
387340,0.0,0.0,3.0,0.0,0.0,0.0,0.0,0.0
387840,0.0,0.0,0.0,0.0,2.0,2.0,0.0,0.0
388210,2.0,0.0,0.0,0.0,0.0,0.0,0.0,5.0
388880,0.0,0.0,0.0,0.0,3.0,0.0,0.0,0.0
389430,0.0,0.0,0.0,0.0,5.0,0.0,0.0,0.0
389730,0.0,0.0,0.0,0.0,2.0,0.0,0.0,0.0
390710,0.0,0.0,0.0,0.0,0.0,0.0,0.0,5.0
390880,0.0,0.0,0.0,0.0,2.0,0.0,0.0,0.0
391070,0.0,0.0,0.0,0.0,4.0,4.0,0.0,0.0
391220,0.0,0.0,2.0,0.0,5.0,0.0,0.0,0.0
391260,0.0,0.0,0.0,0.0,5.0,5.0,0.0,0.0
391310,0.0,0.0,0.0,0.0,5.0,0.0,0.0,0.0
391420,0.0,0.0,2.0,0.0,5.0,3.0,0.0,0.0
391540,4.0,0.0,5.0,5.0,0.0,0.0,0.0,2.0
391660,0.0,0.0,0.0,2.0,0.0,4.0,0.0,0.0
391720,0.0,0.0,5.0,3.0,3.0,3.0,0.0,0.0
392110,1.0,0.0,0.0,0.0,0.0,0.0,0.0,0.0
392160,1.0,0.0,0.0,0.0,0.0,0.0,0.0,0.0
392820,0.0,0.0,0.0,0.0,3.0,0.0,0.0,0.0
393380,0.0,0.0,2.0,0.0,0.0,0.0,0.0,0.0
393420,0.0,1.0,0.0,0.0,0.0,0.0,0.0,0.0
394160,2.0,0.0,0.0,0.0,0.0,0.0,0.0,0.0
394310,0.0,0.0,0.0,0.0,0.0,0.0,0.0,2.0
394510,0.0,0.0,1.0,0.0,0.0,0.0,0.0,0.0
394540,0.0,0.0,0.0,0.0,0.0,4.0,0.0,0.0
394870,0.0,0.0,0.0,0.0,0.0,3.0,0.0,0.0
394970,0.0,0.0,0.0,0.0,0.0,0.0,0.0,3.0
395170,0.0,2.0,4.0,2.0,2.0,3.0,0.0,0.0
395520,0.0,0.0,0.0,0.0,5.0,0.0,0.0,0.0
396360,0.0,0.0,0.0,0.0,5.0,0.0,0.0,0.0
397570,0.0,0.0,5.0,0.0,0.0,0.0,0.0,0.0
397900,0.0,0.0,0.0,0.0,1.0,0.0,3.0,0.0
397950,0.0,0.0,0.0,0.0,5.0,0.0,0.0,0.0
398680,0.0,0.0,0.0,0.0,0.0,5.0,0.0,0.0
398710,0.0,0.0,0.0,3.0,5.0,4.0,0.0,0.0
399090,0.0,0.0,0.0,0.0,2.0,0.0,0.0,0.0
399130,0.0,0.0,0.0,0.0,0.0,2.0,0.0,0.0
399430,0.0,0.0,0.0,0.0,5.0,4.0,0.0,0.0
399790,0.0,0.0,2.0,0.0,3.0,2.0,0.0,0.0
400240,0.0,0.0,2.0,3.0,2.0,5.0,0.0,0.0
400250,0.0,0.0,0.0,0.0,2.0,4.0,0.0,0.0
400370,0.0,0.0,0.0,3.0,4.0,2.0,0.0,0.0
400510,0.0,0.0,0.0,0.0,2.0,3.0,0.0,0.0
400910,0.0,0.0,2.0,0.0,0.0,0.0,0.0,0.0
402390,0.0,0.0,0.0,0.0,5.0,2.0,0.0,0.0
403560,0.0,0.0,0.0,0.0,5.0,5.0,0.0,0.0
403640,3.0,0.0,5.0,0.0,0.0,0.0,0.0,0.0
403740,0.0,0.0,0.0,0.0,3.0,0.0,0.0,0.0
403900,0.0,0.0,0.0,0.0,4.0,4.0,0.0,0.0
405640,0.0,0.0,0.0,3.0,4.0,0.0,0.0,0.0
405710,0.0,0.0,0.0,3.0,0.0,0.0,0.0,0.0
406090,0.0,0.0,0.0,0.0,3.0,4.0,0.0,0.0
406150,0.0,0.0,0.0,0.0,0.0,5.0,0.0,0.0
407230,0.0,0.0,3.0,0.0,0.0,0.0,0.0,0.0
407980,0.0,0.0,2.0,2.0,0.0,2.0,0.0,0.0
408110,0.0,0.0,0.0,0.0,4.0,0.0,0.0,0.0
409160,0.0,0.0,0.0,0.0,0.0,0.0,0.0,2.0
409320,0.0,0.0,0.0,0.0,5.0,0.0,0.0,0.0
409380,0.0,0.0,2.0,0.0,0.0,4.0,0.0,0.0
409600,0.0,0.0,0.0,0.0,5.0,0.0,0.0,0.0
409710,2.0,0.0,3.0,5.0,0.0,3.0,0.0,5.0
409720,0.0,0.0,3.0,4.0,5.0,0.0,0.0,5.0
410210,0.0,0.0,0.0,0.0,4.0,4.0,0.0,0.0
410670,0.0,0.0,0.0,0.0,5.0,0.0,0.0,0.0
411120,0.0,0.0,0.0,0.0,0.0,4.0,0.0,0.0
411300,2.0,0.0,0.0,0.0,0.0,0.0,0.0,0.0
412170,0.0,0.0,0.0,2.0,0.0,5.0,0.0,0.0
412290,0.0,0.0,0.0,0.0,0.0,3.0,0.0,0.0
412600,0.0,0.0,0.0,0.0,2.0,4.0,0.0,0.0
412740,5.0,0.0,0.0,0.0,0.0,0.0,0.0,0.0
412830,1.0,0.0,1.0,0.0,0.0,0.0,0.0,0.0
413150,0.0,0.0,0.0,5.0,0.0,0.0,2.0,5.0
413410,0.0,0.0,2.0,0.0,0.0,0.0,0.0,0.0
413420,0.0,0.0,2.0,0.0,0.0,0.0,0.0,0.0
414120,1.0,0.0,0.0,0.0,0.0,0.0,0.0,0.0
414340,2.0,0.0,0.0,0.0,3.0,0.0,0.0,0.0
414580,0.0,0.0,0.0,0.0,0.0,5.0,0.0,0.0
414700,0.0,0.0,5.0,2.0,5.0,0.0,0.0,0.0
415030,0.0,0.0,0.0,0.0,0.0,5.0,0.0,0.0
415150,0.0,0.0,0.0,0.0,5.0,0.0,0.0,0.0
415480,0.0,0.0,3.0,0.0,0.0,0.0,0.0,2.0
415960,0.0,0.0,0.0,2.0,5.0,4.0,0.0,0.0
416080,0.0,0.0,2.0,0.0,0.0,2.0,0.0,0.0
416210,0.0,0.0,0.0,2.0,0.0,0.0,0.0,0.0
416450,1.0,0.0,0.0,0.0,0.0,0.0,0.0,0.0
417430,0.0,0.0,0.0,0.0,3.0,4.0,0.0,0.0
417860,0.0,0.0,0.0,5.0,3.0,0.0,0.0,0.0
418070,0.0,0.0,0.0,0.0,5.0,3.0,0.0,0.0
418310,0.0,0.0,0.0,0.0,2.0,0.0,0.0,0.0
418370,0.0,0.0,3.0,3.0,5.0,0.0,0.0,5.0
418460,0.0,0.0,0.0,0.0,2.0,0.0,0.0,0.0
418650,2.0,0.0,0.0,0.0,0.0,0.0,0.0,0.0
420110,0.0,0.0,3.0,0.0,0.0,0.0,0.0,0.0
420290,0.0,0.0,0.0,0.0,0.0,0.0,2.0,0.0
420740,0.0,0.0,0.0,0.0,5.0,4.0,1.0,0.0
420970,0.0,0.0,0.0,0.0,4.0,0.0,0.0,0.0
421040,0.0,0.0,0.0,0.0,0.0,3.0,0.0,5.0
422100,0.0,0.0,0.0,0.0,3.0,4.0,0.0,0.0
422250,0.0,0.0,0.0,2.0,5.0,3.0,0.0,0.0
423230,0.0,0.0,0.0,0.0,2.0,0.0,0.0,0.0
423580,2.0,0.0,0.0,0.0,0.0,0.0,0.0,0.0
423710,0.0,0.0,0.0,2.0,3.0,4.0,0.0,0.0
423880,0.0,0.0,0.0,0.0,2.0,0.0,0.0,0.0
424830,0.0,0.0,0.0,3.0,5.0,0.0,0.0,0.0
424840,0.0,0.0,0.0,5.0,0.0,3.0,0.0,0.0
426000,0.0,0.0,4.0,3.0,5.0,5.0,0.0,0.0
426040,0.0,0.0,0.0,0.0,2.0,0.0,0.0,0.0
426690,0.0,0.0,5.0,0.0,0.0,0.0,0.0,0.0
427190,0.0,0.0,0.0,0.0,5.0,0.0,0.0,0.0
427520,5.0,0.0,0.0,5.0,0.0,0.0,1.0,1.0
427730,0.0,0.0,0.0,5.0,0.0,0.0,0.0,0.0
427780,0.0,0.0,0.0,0.0,5.0,0.0,0.0,0.0
427980,0.0,0.0,4.0,0.0,0.0,0.0,0.0,0.0
428900,0.0,0.0,0.0,0.0,2.0,0.0,0.0,0.0
428950,0.0,0.0,0.0,0.0,4.0,4.0,0.0,0.0
429280,0.0,0.0,0.0,0.0,0.0,3.0,0.0,0.0
429330,0.0,0.0,0.0,0.0,0.0,0.0,0.0,5.0
429470,0.0,0.0,0.0,2.0,0.0,2.0,0.0,0.0
429700,0.0,0.0,0.0,0.0,0.0,3.0,0.0,0.0
430960,0.0,0.0,3.0,0.0,0.0,0.0,0.0,0.0
431240,3.0,0.0,0.0,2.0,0.0,0.0,4.0,0.0
431710,0.0,0.0,0.0,1.0,0.0,0.0,0.0,0.0
431960,2.0,5.0,5.0,0.0,0.0,0.0,5.0,0.0
432470,0.0,0.0,0.0,0.0,4.0,4.0,0.0,0.0
433340,0.0,0.0,0.0,4.0,0.0,0.0,0.0,0.0
433850,0.0,5.0,0.0,0.0,5.0,0.0,3.0,0.0
433950,0.0,0.0,0.0,0.0,0.0,5.0,0.0,5.0
434210,0.0,0.0,0.0,0.0,0.0,4.0,0.0,0.0
434250,0.0,0.0,0.0,0.0,2.0,3.0,0.0,0.0
434800,0.0,0.0,0.0,0.0,5.0,0.0,0.0,0.0
435150,4.0,0.0,0.0,0.0,0.0,0.0,0.0,0.0
435400,0.0,0.0,0.0,5.0,0.0,0.0,0.0,0.0
435530,0.0,0.0,0.0,3.0,5.0,0.0,0.0,0.0
436180,0.0,0.0,0.0,0.0,5.0,0.0,0.0,0.0
438020,0.0,0.0,0.0,2.0,0.0,4.0,0.0,0.0
438030,0.0,0.0,0.0,2.0,5.0,4.0,0.0,0.0
438080,0.0,0.0,0.0,0.0,0.0,4.0,0.0,0.0
438100,0.0,0.0,0.0,0.0,0.0,0.0,1.0,0.0
438180,0.0,0.0,2.0,0.0,5.0,4.0,0.0,0.0
438480,0.0,0.0,0.0,0.0,0.0,5.0,0.0,0.0
438740,0.0,0.0,0.0,0.0,2.0,0.0,0.0,0.0
439190,0.0,0.0,0.0,2.0,5.0,3.0,0.0,0.0
439250,0.0,0.0,0.0,2.0,0.0,0.0,0.0,0.0
439910,0.0,0.0,0.0,0.0,0.0,5.0,0.0,0.0
440730,0.0,0.0,0.0,0.0,2.0,0.0,0.0,0.0
440760,0.0,0.0,0.0,0.0,0.0,3.0,0.0,0.0
440900,2.0,0.0,0.0,0.0,1.0,0.0,0.0,0.0
441670,0.0,0.0,0.0,0.0,0.0,5.0,0.0,0.0
441870,0.0,0.0,0.0,0.0,5.0,0.0,0.0,0.0
442070,2.0,0.0,0.0,0.0,0.0,0.0,0.0,0.0
442120,0.0,0.0,0.0,0.0,0.0,5.0,0.0,0.0
443580,0.0,0.0,0.0,0.0,5.0,0.0,0.0,0.0
444090,0.0,0.0,0.0,0.0,0.0,0.0,2.0,0.0
444160,0.0,0.0,0.0,0.0,2.0,0.0,0.0,0.0
444220,0.0,0.0,3.0,3.0,5.0,5.0,0.0,0.0
444480,0.0,0.0,2.0,0.0,1.0,5.0,0.0,0.0
445230,0.0,0.0,0.0,0.0,5.0,0.0,0.0,0.0
446020,0.0,0.0,0.0,2.0,0.0,0.0,0.0,0.0
446640,0.0,0.0,0.0,2.0,0.0,2.0,0.0,0.0
447850,0.0,0.0,0.0,0.0,5.0,0.0,0.0,0.0
447890,0.0,0.0,0.0,0.0,0.0,2.0,0.0,0.0
448000,0.0,0.0,0.0,0.0,0.0,3.0,0.0,0.0
448010,0.0,0.0,0.0,0.0,2.0,0.0,0.0,0.0
448070,0.0,0.0,0.0,0.0,4.0,2.0,0.0,0.0
448280,0.0,0.0,0.0,0.0,0.0,0.0,0.0,2.0
448440,0.0,0.0,0.0,0.0,5.0,0.0,0.0,0.0
448470,0.0,0.0,0.0,0.0,5.0,5.0,0.0,0.0
448510,5.0,0.0,0.0,0.0,0.0,0.0,0.0,0.0
448630,0.0,0.0,0.0,2.0,0.0,3.0,0.0,0.0
448780,0.0,0.0,0.0,0.0,5.0,3.0,0.0,0.0
448850,5.0,0.0,0.0,0.0,0.0,0.0,0.0,0.0
449200,0.0,0.0,0.0,0.0,4.0,4.0,0.0,0.0
449220,0.0,0.0,0.0,0.0,5.0,4.0,0.0,0.0
449530,0.0,0.0,0.0,0.0,0.0,4.0,0.0,0.0
449540,0.0,0.0,0.0,0.0,0.0,4.0,0.0,0.0
449940,0.0,0.0,0.0,0.0,3.0,0.0,0.0,0.0
449960,3.0,0.0,0.0,0.0,0.0,0.0,0.0,0.0
450190,0.0,0.0,0.0,0.0,0.0,5.0,0.0,0.0
450390,5.0,0.0,0.0,0.0,0.0,0.0,0.0,1.0
450850,0.0,0.0,0.0,0.0,0.0,2.0,0.0,0.0
450860,0.0,0.0,0.0,0.0,0.0,4.0,0.0,0.0
451880,0.0,0.0,0.0,0.0,4.0,5.0,0.0,0.0
452440,0.0,0.0,2.0,0.0,0.0,0.0,0.0,0.0
453100,0.0,0.0,2.0,0.0,0.0,3.0,0.0,0.0
453820,0.0,0.0,0.0,0.0,4.0,5.0,0.0,0.0
453850,0.0,0.0,0.0,0.0,4.0,4.0,0.0,0.0
454200,0.0,0.0,0.0,0.0,4.0,5.0,0.0,0.0
454690,0.0,0.0,3.0,0.0,2.0,4.0,0.0,0.0
454890,0.0,0.0,0.0,0.0,5.0,5.0,0.0,0.0
455710,0.0,0.0,0.0,0.0,5.0,0.0,0.0,0.0
455940,0.0,0.0,0.0,0.0,2.0,0.0,0.0,0.0
457140,2.0,0.0,0.0,0.0,0.0,0.0,0.0,2.0
457210,0.0,0.0,0.0,0.0,0.0,0.0,2.0,0.0
457480,0.0,0.0,0.0,0.0,0.0,5.0,0.0,0.0
457570,0.0,0.0,0.0,0.0,0.0,5.0,0.0,0.0
457590,0.0,0.0,0.0,0.0,1.0,0.0,0.0,0.0
457820,0.0,0.0,0.0,0.0,0.0,4.0,0.0,0.0
458730,0.0,0.0,5.0,0.0,0.0,0.0,0.0,0.0
460120,0.0,0.0,2.0,0.0,0.0,0.0,0.0,0.0
460790,0.0,0.0,5.0,0.0,0.0,0.0,0.0,0.0
460930,0.0,0.0,5.0,0.0,0.0,0.0,0.0,0.0
461010,0.0,0.0,0.0,0.0,0.0,3.0,0.0,0.0
461640,0.0,0.0,0.0,0.0,0.0,2.0,0.0,0.0
461730,0.0,0.0,0.0,0.0,3.0,3.0,0.0,0.0
461880,0.0,0.0,0.0,0.0,4.0,5.0,0.0,0.0
461890,0.0,0.0,0.0,0.0,4.0,4.0,0.0,0.0
461950,0.0,0.0,0.0,0.0,0.0,0.0,0.0,5.0
462220,0.0,0.0,0.0,0.0,0.0,5.0,0.0,0.0
462780,0.0,0.0,0.0,0.0,0.0,0.0,0.0,5.0
462960,0.0,0.0,0.0,0.0,0.0,1.0,0.0,0.0
463030,0.0,0.0,0.0,0.0,0.0,4.0,0.0,0.0
463100,0.0,0.0,0.0,0.0,4.0,5.0,0.0,0.0
463110,0.0,0.0,0.0,0.0,5.0,5.0,0.0,0.0
463210,0.0,0.0,0.0,0.0,5.0,4.0,0.0,0.0
463220,0.0,0.0,0.0,0.0,5.0,3.0,0.0,0.0
463710,0.0,0.0,0.0,0.0,5.0,4.0,0.0,0.0
463930,0.0,0.0,0.0,0.0,0.0,5.0,0.0,0.0
464920,0.0,0.0,0.0,1.0,0.0,1.0,0.0,0.0
464960,0.0,0.0,0.0,0.0,2.0,4.0,0.0,0.0
465240,5.0,0.0,0.0,0.0,0.0,0.0,0.0,0.0
465520,0.0,0.0,0.0,0.0,1.0,0.0,0.0,0.0
466240,0.0,0.0,5.0,0.0,0.0,0.0,5.0,0.0
466300,1.0,0.0,0.0,0.0,0.0,0.0,0.0,0.0
466500,0.0,0.0,0.0,0.0,4.0,3.0,0.0,0.0
466730,0.0,0.0,0.0,0.0,0.0,2.0,0.0,0.0
466840,0.0,0.0,0.0,0.0,5.0,3.0,0.0,0.0
467000,0.0,0.0,0.0,0.0,0.0,4.0,0.0,0.0
467370,0.0,0.0,0.0,0.0,5.0,5.0,0.0,0.0
467390,0.0,0.0,0.0,0.0,4.0,4.0,0.0,0.0
467950,0.0,0.0,0.0,1.0,0.0,2.0,0.0,0.0
468310,0.0,0.0,2.0,0.0,0.0,0.0,0.0,0.0
468320,0.0,0.0,0.0,0.0,0.0,4.0,0.0,0.0
468490,0.0,0.0,0.0,3.0,0.0,5.0,0.0,0.0
469610,1.0,0.0,0.0,0.0,0.0,0.0,0.0,0.0
469730,0.0,0.0,0.0,0.0,4.0,4.0,0.0,0.0
469890,0.0,0.0,0.0,0.0,2.0,3.0,0.0,0.0
470210,0.0,0.0,2.0,0.0,0.0,0.0,0.0,0.0
470220,0.0,0.0,0.0,0.0,0.0,0.0,5.0,0.0
470270,0.0,0.0,0.0,0.0,0.0,4.0,0.0,0.0
470780,0.0,0.0,0.0,5.0,0.0,0.0,0.0,0.0
472680,0.0,0.0,0.0,0.0,0.0,1.0,0.0,0.0
473140,0.0,0.0,0.0,0.0,5.0,0.0,0.0,0.0
473460,0.0,0.0,3.0,0.0,0.0,0.0,0.0,0.0
473470,0.0,0.0,0.0,0.0,0.0,5.0,0.0,0.0
473560,0.0,0.0,0.0,0.0,4.0,4.0,0.0,0.0
473670,0.0,0.0,0.0,0.0,0.0,5.0,0.0,0.0
474010,0.0,0.0,0.0,0.0,5.0,0.0,0.0,0.0
474210,0.0,0.0,0.0,2.0,0.0,0.0,0.0,0.0
474830,0.0,0.0,0.0,0.0,0.0,3.0,0.0,0.0
474910,0.0,0.0,0.0,0.0,0.0,5.0,0.0,0.0
474960,0.0,0.0,3.0,0.0,5.0,0.0,0.0,0.0
475150,1.0,0.0,0.0,0.0,0.0,0.0,0.0,0.0
475190,5.0,0.0,0.0,0.0,0.0,0.0,5.0,0.0
475550,0.0,0.0,0.0,3.0,0.0,0.0,0.0,0.0
476480,0.0,0.0,0.0,0.0,5.0,4.0,0.0,0.0
477160,0.0,0.0,0.0,0.0,0.0,0.0,3.0,0.0
477290,0.0,0.0,0.0,0.0,4.0,0.0,0.0,0.0
478010,0.0,0.0,0.0,0.0,0.0,4.0,0.0,0.0
480490,3.0,0.0,5.0,0.0,0.0,0.0,0.0,0.0
482330,0.0,0.0,0.0,0.0,5.0,0.0,0.0,0.0
482890,0.0,0.0,0.0,0.0,5.0,0.0,0.0,0.0
483420,0.0,0.0,0.0,0.0,5.0,0.0,0.0,0.0
484950,0.0,0.0,5.0,0.0,5.0,5.0,0.0,0.0
485310,0.0,0.0,0.0,0.0,0.0,5.0,0.0,0.0
485330,0.0,0.0,0.0,0.0,5.0,4.0,0.0,0.0
485350,0.0,0.0,0.0,0.0,0.0,3.0,0.0,0.0
485370,0.0,0.0,0.0,0.0,2.0,2.0,0.0,0.0
485390,0.0,0.0,0.0,0.0,4.0,5.0,0.0,0.0
485450,0.0,0.0,0.0,0.0,5.0,5.0,0.0,0.0
485490,0.0,0.0,0.0,0.0,4.0,0.0,0.0,0.0
485610,0.0,0.0,0.0,0.0,5.0,0.0,0.0,0.0
485670,0.0,0.0,0.0,0.0,4.0,0.0,0.0,0.0
485730,0.0,0.0,2.0,0.0,0.0,3.0,0.0,0.0
485950,0.0,0.0,0.0,0.0,0.0,4.0,0.0,0.0
486150,0.0,0.0,0.0,0.0,0.0,5.0,0.0,0.0
486360,0.0,0.0,0.0,0.0,2.0,0.0,0.0,0.0
486880,0.0,0.0,0.0,0.0,5.0,0.0,0.0,0.0
487180,0.0,0.0,0.0,0.0,0.0,4.0,0.0,0.0
487220,0.0,0.0,0.0,0.0,2.0,5.0,0.0,0.0
487430,0.0,0.0,4.0,0.0,0.0,5.0,0.0,0.0
487580,0.0,0.0,0.0,0.0,0.0,4.0,0.0,0.0
487590,0.0,0.0,0.0,0.0,0.0,4.0,0.0,0.0
487600,0.0,0.0,0.0,0.0,0.0,4.0,0.0,0.0
488580,0.0,0.0,0.0,0.0,0.0,5.0,0.0,0.0
488790,3.0,0.0,5.0,0.0,0.0,0.0,5.0,5.0
489140,0.0,0.0,0.0,0.0,5.0,0.0,0.0,0.0
489220,0.0,0.0,0.0,0.0,3.0,5.0,0.0,0.0
489360,0.0,0.0,0.0,0.0,5.0,0.0,0.0,0.0
489520,0.0,0.0,0.0,0.0,1.0,5.0,0.0,0.0
489830,2.0,0.0,1.0,0.0,0.0,0.0,1.0,0.0
489890,0.0,0.0,0.0,0.0,0.0,4.0,0.0,0.0
489900,0.0,0.0,0.0,0.0,0.0,5.0,0.0,0.0
489940,0.0,0.0,0.0,0.0,0.0,0.0,1.0,0.0
490220,0.0,0.0,0.0,0.0,0.0,3.0,0.0,0.0
490820,0.0,0.0,0.0,0.0,3.0,5.0,0.0,0.0
490980,0.0,0.0,0.0,0.0,0.0,4.0,0.0,0.0
491580,0.0,0.0,0.0,0.0,0.0,4.0,0.0,0.0
491620,0.0,0.0,0.0,0.0,0.0,4.0,0.0,0.0
491650,0.0,0.0,0.0,0.0,0.0,4.0,0.0,0.0
491950,0.0,0.0,0.0,2.0,5.0,2.0,0.0,0.0
493340,1.0,0.0,5.0,0.0,0.0,0.0,0.0,0.0
493540,0.0,0.0,0.0,0.0,2.0,0.0,0.0,0.0
493650,0.0,0.0,2.0,0.0,5.0,2.0,0.0,0.0
493700,0.0,0.0,0.0,0.0,5.0,4.0,0.0,0.0
493710,0.0,0.0,0.0,0.0,5.0,3.0,0.0,0.0
494290,0.0,0.0,0.0,0.0,0.0,5.0,0.0,0.0
495780,0.0,0.0,0.0,0.0,0.0,5.0,0.0,0.0
495890,0.0,0.0,4.0,0.0,0.0,5.0,0.0,0.0
496550,0.0,0.0,0.0,0.0,0.0,5.0,0.0,0.0
496680,0.0,0.0,0.0,0.0,5.0,4.0,0.0,0.0
496690,0.0,0.0,0.0,0.0,3.0,3.0,0.0,0.0
497050,0.0,0.0,0.0,0.0,2.0,5.0,0.0,0.0
497260,0.0,0.0,0.0,0.0,0.0,5.0,0.0,0.0
497400,0.0,0.0,0.0,0.0,0.0,3.0,0.0,0.0
498030,0.0,0.0,0.0,0.0,0.0,5.0,0.0,0.0
498040,0.0,0.0,0.0,0.0,0.0,5.0,0.0,0.0
498050,0.0,0.0,0.0,0.0,0.0,5.0,0.0,0.0
498240,0.0,0.0,0.0,0.0,4.0,0.0,0.0,0.0
498320,0.0,0.0,0.0,0.0,2.0,4.0,0.0,0.0
498660,0.0,0.0,0.0,0.0,3.0,3.0,0.0,0.0
499420,0.0,0.0,0.0,0.0,5.0,4.0,0.0,0.0
499520,1.0,0.0,0.0,0.0,0.0,0.0,0.0,0.0
500580,0.0,0.0,0.0,0.0,0.0,5.0,0.0,0.0
501300,5.0,0.0,0.0,0.0,0.0,0.0,0.0,0.0
502140,0.0,0.0,0.0,0.0,3.0,4.0,0.0,0.0
502910,0.0,0.0,0.0,0.0,2.0,4.0,0.0,0.0
503300,0.0,0.0,3.0,0.0,4.0,5.0,0.0,0.0
503820,0.0,0.0,0.0,0.0,2.0,5.0,0.0,0.0
504210,5.0,0.0,0.0,0.0,0.0,0.0,0.0,0.0
504230,0.0,0.0,0.0,3.0,0.0,0.0,0.0,0.0
504490,0.0,0.0,0.0,0.0,5.0,5.0,0.0,0.0
505210,0.0,0.0,0.0,2.0,0.0,3.0,0.0,0.0
507380,0.0,0.0,0.0,0.0,2.0,4.0,0.0,0.0
507390,0.0,0.0,0.0,0.0,3.0,0.0,0.0,0.0
507400,0.0,0.0,0.0,0.0,0.0,4.0,0.0,0.0
508170,0.0,0.0,0.0,0.0,0.0,5.0,0.0,0.0
508180,0.0,0.0,0.0,1.0,0.0,0.0,0.0,0.0
508190,0.0,0.0,4.0,0.0,0.0,5.0,0.0,0.0
508200,0.0,0.0,0.0,0.0,0.0,5.0,0.0,0.0
508290,0.0,0.0,0.0,0.0,3.0,4.0,0.0,0.0
508540,0.0,0.0,0.0,0.0,5.0,0.0,0.0,0.0
508900,0.0,0.0,0.0,0.0,0.0,5.0,0.0,0.0
509110,0.0,0.0,0.0,0.0,3.0,5.0,0.0,0.0
509220,0.0,0.0,0.0,0.0,0.0,2.0,0.0,0.0
509600,0.0,0.0,0.0,0.0,0.0,4.0,0.0,0.0
510840,0.0,0.0,0.0,2.0,4.0,2.0,0.0,0.0
512250,0.0,0.0,0.0,3.0,0.0,0.0,2.0,0.0
512300,0.0,0.0,0.0,5.0,5.0,0.0,0.0,0.0
512640,0.0,0.0,0.0,0.0,3.0,4.0,0.0,0.0
512790,5.0,0.0,0.0,0.0,0.0,0.0,0.0,0.0
513510,0.0,0.0,0.0,0.0,0.0,3.0,0.0,0.0
513570,0.0,0.0,2.0,0.0,0.0,0.0,0.0,0.0
513590,0.0,0.0,0.0,0.0,4.0,3.0,0.0,0.0
513610,0.0,0.0,0.0,0.0,4.0,0.0,0.0,0.0
513620,0.0,0.0,0.0,0.0,4.0,0.0,0.0,0.0
513780,0.0,0.0,0.0,0.0,5.0,3.0,0.0,0.0
514470,0.0,0.0,0.0,0.0,0.0,4.0,0.0,0.0
514480,0.0,0.0,0.0,0.0,0.0,4.0,0.0,0.0
514490,0.0,0.0,0.0,0.0,0.0,4.0,0.0,0.0
514660,0.0,0.0,0.0,0.0,4.0,4.0,0.0,0.0
514900,0.0,0.0,0.0,4.0,0.0,5.0,0.0,0.0
515470,0.0,0.0,0.0,0.0,2.0,4.0,0.0,0.0
515690,0.0,0.0,0.0,0.0,3.0,3.0,0.0,0.0
515910,0.0,0.0,0.0,0.0,0.0,1.0,0.0,0.0
517000,0.0,0.0,0.0,0.0,0.0,2.0,0.0,0.0
518580,2.0,0.0,0.0,0.0,0.0,0.0,0.0,0.0
518790,0.0,0.0,0.0,0.0,0.0,0.0,2.0,0.0
518800,0.0,0.0,0.0,0.0,2.0,4.0,0.0,0.0
519860,2.0,0.0,0.0,0.0,0.0,0.0,0.0,0.0
520520,0.0,0.0,2.0,0.0,0.0,0.0,0.0,0.0
521130,0.0,0.0,0.0,0.0,0.0,4.0,0.0,0.0
521230,0.0,0.0,0.0,0.0,5.0,4.0,0.0,0.0
521500,0.0,0.0,0.0,0.0,0.0,2.0,0.0,0.0
522210,0.0,0.0,0.0,2.0,5.0,5.0,0.0,0.0
522570,0.0,0.0,0.0,0.0,3.0,4.0,0.0,0.0
523150,0.0,0.0,0.0,0.0,3.0,0.0,0.0,0.0
523780,0.0,0.0,0.0,2.0,0.0,0.0,0.0,0.0
524220,5.0,0.0,0.0,0.0,0.0,0.0,0.0,0.0
524850,0.0,0.0,5.0,0.0,0.0,0.0,0.0,0.0
526540,0.0,0.0,0.0,0.0,0.0,5.0,0.0,0.0
526740,0.0,0.0,0.0,0.0,0.0,5.0,0.0,0.0
526880,0.0,0.0,0.0,0.0,0.0,5.0,0.0,0.0
527450,0.0,0.0,0.0,0.0,0.0,5.0,0.0,0.0
527750,0.0,0.0,0.0,0.0,4.0,0.0,0.0,0.0
527760,0.0,0.0,0.0,0.0,4.0,5.0,0.0,0.0
527770,0.0,0.0,0.0,0.0,5.0,4.0,0.0,0.0
527790,0.0,0.0,0.0,0.0,2.0,4.0,0.0,0.0
528510,0.0,0.0,0.0,0.0,3.0,4.0,0.0,0.0
528660,0.0,0.0,0.0,2.0,0.0,3.0,0.0,0.0
529240,0.0,0.0,0.0,0.0,0.0,4.0,0.0,0.0
529590,0.0,0.0,2.0,0.0,0.0,0.0,0.0,0.0
529760,0.0,0.0,0.0,0.0,2.0,5.0,0.0,0.0
530330,0.0,0.0,0.0,0.0,2.0,0.0,0.0,0.0
530620,0.0,0.0,2.0,2.0,5.0,0.0,0.0,0.0
531640,5.0,0.0,0.0,0.0,0.0,0.0,0.0,0.0
532210,0.0,0.0,5.0,0.0,0.0,0.0,0.0,3.0
533300,0.0,0.0,3.0,0.0,0.0,4.0,0.0,0.0
533330,0.0,0.0,0.0,0.0,0.0,4.0,0.0,0.0
533820,0.0,0.0,0.0,0.0,0.0,5.0,0.0,0.0
535230,0.0,0.0,0.0,0.0,0.0,0.0,0.0,4.0
535520,0.0,0.0,0.0,5.0,0.0,0.0,0.0,0.0
535760,0.0,0.0,0.0,0.0,2.0,4.0,0.0,0.0
535930,1.0,0.0,0.0,0.0,0.0,0.0,0.0,0.0
536410,0.0,0.0,0.0,0.0,0.0,5.0,0.0,0.0
537340,0.0,0.0,0.0,2.0,0.0,0.0,0.0,0.0
537800,0.0,0.0,0.0,1.0,0.0,3.0,0.0,0.0
538590,0.0,0.0,0.0,0.0,5.0,4.0,0.0,0.0
539440,0.0,0.0,0.0,0.0,4.0,4.0,0.0,0.0
539450,0.0,0.0,0.0,0.0,4.0,4.0,0.0,0.0
539720,0.0,0.0,0.0,0.0,0.0,2.0,0.0,0.0
540020,0.0,0.0,0.0,0.0,4.0,3.0,0.0,0.0
540900,0.0,0.0,0.0,0.0,2.0,0.0,0.0,0.0
541370,0.0,0.0,0.0,0.0,4.0,5.0,0.0,0.0
542340,0.0,0.0,0.0,3.0,5.0,5.0,0.0,0.0
542350,0.0,0.0,0.0,3.0,0.0,0.0,0.0,0.0
542690,0.0,0.0,0.0,0.0,0.0,4.0,0.0,0.0
542710,0.0,0.0,0.0,0.0,0.0,5.0,0.0,0.0
542730,0.0,0.0,0.0,0.0,0.0,5.0,0.0,0.0
542740,0.0,0.0,0.0,0.0,0.0,5.0,0.0,0.0
543460,0.0,0.0,0.0,0.0,0.0,0.0,0.0,5.0
544140,0.0,0.0,0.0,0.0,0.0,4.0,0.0,0.0
544750,2.0,0.0,0.0,0.0,0.0,0.0,0.0,0.0
545410,0.0,0.0,0.0,0.0,5.0,2.0,0.0,0.0
545690,0.0,0.0,0.0,0.0,0.0,5.0,0.0,0.0
545700,0.0,0.0,0.0,0.0,5.0,4.0,0.0,0.0
546340,0.0,0.0,0.0,0.0,0.0,4.0,0.0,0.0
546400,0.0,0.0,0.0,0.0,5.0,4.0,0.0,0.0
546930,0.0,0.0,0.0,0.0,0.0,4.0,0.0,0.0
546980,0.0,0.0,0.0,0.0,3.0,5.0,0.0,0.0
546990,0.0,0.0,0.0,0.0,5.0,3.0,0.0,0.0
547960,0.0,0.0,0.0,0.0,5.0,4.0,0.0,0.0
548430,1.0,0.0,0.0,0.0,0.0,0.0,0.0,0.0
550080,0.0,0.0,2.0,0.0,0.0,0.0,0.0,0.0
550670,0.0,0.0,0.0,0.0,0.0,4.0,0.0,0.0
550900,0.0,0.0,0.0,1.0,4.0,0.0,0.0,0.0
551110,0.0,0.0,0.0,0.0,0.0,5.0,0.0,0.0
552440,2.0,0.0,0.0,0.0,0.0,0.0,0.0,0.0
552520,0.0,0.0,3.0,0.0,0.0,0.0,0.0,0.0
552570,0.0,0.0,0.0,0.0,0.0,5.0,0.0,0.0
553340,0.0,0.0,0.0,0.0,4.0,0.0,0.0,0.0
553640,0.0,0.0,5.0,0.0,0.0,0.0,0.0,0.0
554310,0.0,0.0,0.0,0.0,0.0,1.0,0.0,0.0
554620,0.0,0.0,5.0,0.0,0.0,0.0,0.0,1.0
555220,0.0,0.0,2.0,0.0,0.0,0.0,0.0,0.0
555570,0.0,0.0,0.0,0.0,5.0,0.0,0.0,0.0
555710,0.0,0.0,0.0,0.0,0.0,5.0,0.0,0.0
556160,0.0,0.0,0.0,0.0,2.0,5.0,0.0,0.0
556280,0.0,0.0,0.0,1.0,0.0,2.0,0.0,0.0
556870,0.0,0.0,0.0,1.0,0.0,0.0,0.0,0.0
557580,0.0,0.0,0.0,0.0,0.0,4.0,0.0,0.0
557600,2.0,0.0,0.0,0.0,0.0,0.0,0.0,0.0
557680,0.0,0.0,0.0,0.0,4.0,4.0,0.0,0.0
558990,2.0,0.0,0.0,0.0,0.0,0.0,0.0,0.0
559610,0.0,0.0,2.0,0.0,0.0,0.0,0.0,0.0
562220,0.0,0.0,2.0,0.0,0.0,3.0,0.0,0.0
562240,0.0,0.0,0.0,0.0,5.0,4.0,0.0,0.0
562270,0.0,0.0,0.0,0.0,5.0,4.0,0.0,0.0
562360,0.0,0.0,0.0,0.0,5.0,4.0,0.0,0.0
562730,0.0,0.0,0.0,0.0,0.0,3.0,0.0,0.0
563120,0.0,0.0,0.0,0.0,0.0,4.0,0.0,0.0
563560,0.0,0.0,5.0,0.0,0.0,0.0,0.0,0.0
566190,0.0,0.0,0.0,0.0,2.0,0.0,1.0,0.0
566670,0.0,0.0,0.0,0.0,0.0,4.0,0.0,0.0
567280,0.0,0.0,0.0,1.0,0.0,1.0,0.0,0.0
567290,0.0,0.0,0.0,2.0,0.0,0.0,0.0,0.0
567580,0.0,0.0,0.0,2.0,0.0,0.0,0.0,0.0
567680,0.0,0.0,0.0,0.0,0.0,4.0,0.0,0.0
568220,0.0,0.0,2.0,0.0,0.0,0.0,0.0,0.0
569480,0.0,0.0,0.0,3.0,0.0,0.0,0.0,0.0
569610,0.0,0.0,0.0,0.0,5.0,0.0,0.0,0.0
570940,1.0,0.0,5.0,0.0,0.0,0.0,0.0,0.0
571310,1.0,0.0,0.0,0.0,0.0,0.0,0.0,0.0
571740,0.0,0.0,0.0,0.0,0.0,0.0,2.0,0.0
573040,0.0,0.0,0.0,0.0,5.0,0.0,0.0,0.0
574820,0.0,0.0,0.0,0.0,3.0,0.0,0.0,0.0
575490,0.0,0.0,0.0,0.0,5.0,5.0,0.0,0.0
575510,0.0,0.0,3.0,3.0,0.0,3.0,0.0,0.0
575550,0.0,0.0,5.0,0.0,0.0,5.0,0.0,0.0
575640,0.0,0.0,3.0,0.0,2.0,3.0,0.0,0.0
575700,0.0,0.0,0.0,0.0,0.0,4.0,0.0,0.0
575780,0.0,0.0,0.0,0.0,0.0,3.0,0.0,0.0
575830,0.0,0.0,0.0,0.0,0.0,3.0,0.0,0.0
575840,0.0,0.0,0.0,0.0,0.0,4.0,0.0,0.0
575860,0.0,0.0,0.0,0.0,2.0,0.0,0.0,0.0
576030,1.0,0.0,0.0,0.0,0.0,0.0,0.0,0.0
576470,0.0,0.0,0.0,0.0,3.0,5.0,0.0,0.0
577740,0.0,0.0,0.0,0.0,0.0,3.0,0.0,0.0
577800,0.0,0.0,0.0,0.0,0.0,0.0,5.0,0.0
578080,1.0,2.0,5.0,0.0,2.0,0.0,2.0,0.0
578850,0.0,0.0,0.0,0.0,0.0,5.0,0.0,0.0
580170,0.0,0.0,2.0,0.0,0.0,0.0,0.0,0.0
581030,0.0,0.0,0.0,0.0,2.0,4.0,0.0,0.0
581100,0.0,0.0,0.0,0.0,0.0,3.0,0.0,0.0
581820,0.0,0.0,0.0,0.0,2.0,0.0,0.0,0.0
582010,1.0,0.0,0.0,0.0,0.0,0.0,0.0,0.0
582160,0.0,0.0,0.0,0.0,0.0,0.0,1.0,0.0
582270,0.0,0.0,1.0,0.0,0.0,0.0,0.0,0.0
582620,0.0,0.0,0.0,0.0,0.0,0.0,0.0,5.0
583490,0.0,0.0,0.0,0.0,0.0,3.0,0.0,0.0
583760,0.0,0.0,0.0,1.0,0.0,2.0,0.0,0.0
583950,2.0,0.0,0.0,0.0,0.0,0.0,0.0,0.0
584400,5.0,0.0,0.0,0.0,0.0,0.0,0.0,1.0
584980,0.0,0.0,4.0,0.0,0.0,0.0,0.0,0.0
585550,0.0,0.0,0.0,0.0,3.0,4.0,0.0,0.0
585830,0.0,0.0,0.0,0.0,0.0,5.0,0.0,0.0
585860,0.0,0.0,0.0,0.0,4.0,0.0,0.0,0.0
586060,0.0,0.0,0.0,0.0,0.0,5.0,0.0,0.0
586130,0.0,0.0,0.0,0.0,2.0,0.0,0.0,0.0
586380,0.0,0.0,0.0,0.0,2.0,5.0,0.0,0.0
586960,0.0,0.0,0.0,2.0,0.0,3.0,0.0,0.0
586970,0.0,0.0,0.0,2.0,0.0,0.0,0.0,0.0
587430,0.0,0.0,0.0,0.0,0.0,0.0,0.0,4.0
587810,0.0,0.0,0.0,0.0,4.0,4.0,0.0,0.0
588650,4.0,0.0,0.0,0.0,0.0,0.0,0.0,0.0
588730,0.0,0.0,0.0,0.0,0.0,4.0,0.0,0.0
588970,0.0,0.0,3.0,0.0,0.0,3.0,0.0,0.0
589360,0.0,0.0,0.0,2.0,0.0,0.0,0.0,0.0
589590,0.0,0.0,5.0,0.0,0.0,0.0,0.0,0.0
590380,2.0,0.0,0.0,1.0,0.0,0.0,0.0,0.0
591420,0.0,0.0,2.0,0.0,0.0,3.0,0.0,0.0
594650,0.0,0.0,0.0,0.0,2.0,0.0,5.0,0.0
595440,0.0,0.0,0.0,0.0,0.0,5.0,0.0,0.0
595460,0.0,0.0,0.0,0.0,0.0,0.0,1.0,0.0
595520,2.0,0.0,0.0,0.0,0.0,0.0,0.0,0.0
596590,0.0,0.0,0.0,0.0,0.0,3.0,0.0,0.0
596870,0.0,0.0,0.0,0.0,0.0,3.0,0.0,0.0
597220,1.0,0.0,0.0,0.0,0.0,0.0,0.0,0.0
597230,0.0,0.0,0.0,0.0,4.0,0.0,0.0,0.0
599140,0.0,0.0,0.0,2.0,0.0,0.0,0.0,0.0
601430,0.0,0.0,0.0,0.0,5.0,0.0,0.0,0.0
602520,0.0,0.0,3.0,0.0,0.0,0.0,0.0,0.0
602890,0.0,0.0,0.0,0.0,0.0,5.0,0.0,0.0
602930,0.0,0.0,0.0,0.0,0.0,1.0,0.0,0.0
603030,0.0,0.0,0.0,0.0,0.0,2.0,0.0,0.0
603060,0.0,0.0,0.0,0.0,4.0,0.0,0.0,0.0
603150,0.0,0.0,0.0,0.0,5.0,0.0,0.0,0.0
603190,0.0,0.0,1.0,0.0,0.0,1.0,0.0,0.0
603260,0.0,0.0,5.0,0.0,0.0,0.0,0.0,0.0
604450,0.0,0.0,4.0,0.0,0.0,0.0,0.0,0.0
605610,0.0,0.0,0.0,0.0,1.0,0.0,0.0,0.0
606330,0.0,0.0,0.0,0.0,0.0,3.0,0.0,0.0
609490,0.0,0.0,0.0,2.0,0.0,0.0,0.0,0.0
610080,0.0,0.0,0.0,2.0,0.0,0.0,0.0,0.0
610360,0.0,0.0,2.0,0.0,2.0,4.0,0.0,0.0
610670,0.0,0.0,0.0,0.0,0.0,5.0,0.0,0.0
610810,0.0,0.0,0.0,0.0,0.0,5.0,0.0,0.0
610840,0.0,0.0,0.0,0.0,5.0,0.0,0.0,0.0
611500,0.0,0.0,0.0,0.0,0.0,0.0,3.0,0.0
611670,1.0,0.0,0.0,0.0,0.0,0.0,0.0,0.0
611980,0.0,0.0,5.0,0.0,0.0,5.0,0.0,0.0
612880,0.0,0.0,0.0,5.0,0.0,0.0,0.0,0.0
613100,0.0,0.0,0.0,0.0,0.0,0.0,1.0,5.0
614460,0.0,0.0,0.0,0.0,0.0,2.0,0.0,0.0
614950,0.0,0.0,0.0,0.0,0.0,5.0,0.0,0.0
615610,0.0,0.0,0.0,0.0,5.0,5.0,0.0,0.0
617710,0.0,0.0,0.0,0.0,2.0,4.0,0.0,0.0
617830,2.0,0.0,0.0,0.0,0.0,0.0,0.0,0.0
618510,0.0,0.0,0.0,2.0,0.0,4.0,0.0,0.0
618720,0.0,0.0,5.0,0.0,0.0,0.0,0.0,0.0
619400,0.0,0.0,0.0,0.0,2.0,5.0,0.0,0.0
619700,0.0,0.0,0.0,5.0,0.0,0.0,0.0,0.0
620980,1.0,0.0,0.0,0.0,0.0,0.0,0.0,5.0
622650,0.0,0.0,0.0,5.0,0.0,0.0,0.0,0.0
622920,0.0,0.0,0.0,0.0,0.0,4.0,0.0,0.0
623550,0.0,0.0,0.0,0.0,0.0,4.0,0.0,0.0
626690,0.0,0.0,0.0,0.0,0.0,0.0,0.0,5.0
627690,1.0,0.0,0.0,0.0,0.0,0.0,0.0,0.0
628760,0.0,0.0,0.0,0.0,5.0,3.0,0.0,0.0
629730,0.0,0.0,0.0,0.0,0.0,0.0,0.0,2.0
629910,1.0,0.0,0.0,0.0,0.0,0.0,0.0,0.0
632360,1.0,0.0,0.0,0.0,0.0,0.0,2.0,1.0
634230,0.0,0.0,0.0,0.0,0.0,2.0,0.0,0.0
635260,0.0,0.0,0.0,0.0,0.0,0.0,2.0,0.0
635730,0.0,0.0,4.0,0.0,0.0,5.0,0.0,0.0
635880,0.0,0.0,0.0,0.0,5.0,4.0,0.0,0.0
636150,0.0,0.0,0.0,0.0,3.0,2.0,0.0,0.0
637650,2.0,0.0,3.0,0.0,0.0,0.0,0.0,0.0
637850,0.0,0.0,0.0,0.0,2.0,0.0,0.0,0.0
638070,0.0,2.0,0.0,2.0,5.0,2.0,0.0,0.0
638970,1.0,0.0,0.0,0.0,0.0,0.0,0.0,0.0
639790,0.0,0.0,0.0,0.0,0.0,3.0,0.0,0.0
641990,0.0,0.0,0.0,2.0,0.0,0.0,2.0,0.0
643270,0.0,0.0,0.0,0.0,2.0,0.0,0.0,0.0
644080,1.0,0.0,0.0,0.0,0.0,0.0,0.0,0.0
644560,0.0,0.0,0.0,0.0,0.0,4.0,0.0,0.0
644570,0.0,0.0,5.0,0.0,3.0,5.0,0.0,0.0
645090,0.0,0.0,0.0,0.0,0.0,4.0,0.0,0.0
646570,5.0,0.0,0.0,0.0,0.0,0.0,0.0,0.0
646910,0.0,0.0,0.0,0.0,0.0,0.0,2.0,0.0
648390,0.0,0.0,0.0,0.0,5.0,0.0,0.0,0.0
648800,0.0,0.0,5.0,0.0,0.0,0.0,2.0,0.0
652980,0.0,0.0,0.0,0.0,5.0,0.0,0.0,0.0
653530,5.0,0.0,0.0,0.0,0.0,0.0,0.0,0.0
654900,0.0,0.0,0.0,0.0,5.0,0.0,0.0,0.0
657200,0.0,0.0,0.0,0.0,0.0,5.0,5.0,0.0
658560,0.0,0.0,0.0,0.0,0.0,3.0,0.0,0.0
658850,0.0,0.0,5.0,4.0,0.0,0.0,0.0,0.0
663390,0.0,0.0,2.0,0.0,0.0,0.0,0.0,0.0
665180,0.0,0.0,5.0,0.0,0.0,3.0,0.0,0.0
666140,0.0,0.0,0.0,1.0,0.0,0.0,0.0,0.0
667720,3.0,0.0,0.0,0.0,0.0,5.0,0.0,0.0
667870,0.0,0.0,0.0,0.0,0.0,0.0,3.0,0.0
668630,0.0,0.0,2.0,0.0,0.0,2.0,0.0,0.0
671440,2.0,0.0,0.0,0.0,0.0,0.0,0.0,0.0
671510,0.0,0.0,2.0,0.0,0.0,0.0,0.0,0.0
673950,0.0,0.0,0.0,0.0,0.0,0.0,5.0,0.0
674940,0.0,0.0,0.0,0.0,0.0,0.0,5.0,0.0
675260,0.0,0.0,0.0,0.0,4.0,0.0,0.0,0.0
678950,0.0,0.0,0.0,0.0,0.0,0.0,0.0,5.0
680320,0.0,0.0,2.0,0.0,0.0,0.0,0.0,0.0
683830,0.0,0.0,0.0,0.0,0.0,5.0,0.0,0.0
684410,2.0,0.0,0.0,0.0,0.0,0.0,0.0,0.0
685680,0.0,0.0,0.0,0.0,0.0,2.0,0.0,0.0
686190,0.0,0.0,2.0,0.0,0.0,2.0,0.0,0.0
686200,0.0,0.0,0.0,0.0,5.0,0.0,0.0,0.0
689090,0.0,0.0,0.0,0.0,5.0,0.0,0.0,0.0
696370,0.0,2.0,0.0,3.0,5.0,0.0,0.0,0.0
698780,0.0,0.0,5.0,5.0,2.0,0.0,5.0,5.0
700330,0.0,0.0,0.0,0.0,0.0,0.0,5.0,0.0
703700,0.0,0.0,5.0,0.0,0.0,0.0,0.0,0.0
707680,0.0,0.0,0.0,0.0,0.0,0.0,5.0,0.0
711990,0.0,0.0,5.0,0.0,0.0,3.0,0.0,0.0
712050,0.0,0.0,5.0,0.0,0.0,3.0,0.0,0.0
712840,0.0,0.0,5.0,0.0,0.0,3.0,0.0,0.0
716490,5.0,0.0,0.0,0.0,0.0,0.0,0.0,0.0
726990,0.0,0.0,0.0,0.0,3.0,2.0,0.0,0.0
729040,0.0,0.0,3.0,0.0,0.0,0.0,0.0,0.0
731490,0.0,0.0,0.0,0.0,0.0,0.0,0.0,2.0
732430,0.0,0.0,0.0,0.0,0.0,0.0,2.0,0.0
736260,5.0,0.0,0.0,0.0,0.0,0.0,0.0,0.0
738060,0.0,0.0,0.0,0.0,0.0,0.0,0.0,5.0
738520,0.0,0.0,0.0,0.0,0.0,3.0,0.0,0.0
739000,0.0,0.0,5.0,0.0,0.0,0.0,0.0,0.0
742120,1.0,0.0,0.0,0.0,0.0,0.0,0.0,0.0
744190,0.0,0.0,0.0,0.0,2.0,0.0,0.0,0.0
745850,0.0,0.0,2.0,0.0,0.0,0.0,0.0,0.0
746920,0.0,0.0,0.0,0.0,0.0,0.0,5.0,0.0
751780,3.0,0.0,0.0,0.0,0.0,0.0,0.0,0.0
755790,0.0,0.0,5.0,0.0,0.0,0.0,5.0,0.0
760060,0.0,0.0,0.0,5.0,0.0,0.0,0.0,0.0
765870,0.0,0.0,0.0,0.0,0.0,0.0,0.0,1.0
766370,0.0,0.0,0.0,0.0,5.0,3.0,0.0,0.0
769920,0.0,0.0,0.0,0.0,0.0,1.0,0.0,0.0
774461,1.0,0.0,0.0,0.0,0.0,0.0,0.0,0.0
786520,0.0,0.0,5.0,0.0,0.0,0.0,0.0,0.0
788130,0.0,0.0,2.0,0.0,0.0,0.0,0.0,0.0
799070,0.0,0.0,0.0,0.0,5.0,0.0,0.0,0.0
809960,0.0,0.0,0.0,0.0,0.0,0.0,5.0,0.0
810670,0.0,0.0,0.0,0.0,0.0,5.0,0.0,0.0
813700,0.0,0.0,0.0,0.0,0.0,3.0,0.0,0.0
813820,0.0,0.0,0.0,0.0,0.0,0.0,4.0,0.0
814380,5.0,0.0,0.0,0.0,0.0,0.0,0.0,0.0
815370,0.0,0.0,3.0,0.0,0.0,0.0,0.0,0.0
823130,0.0,0.0,0.0,0.0,0.0,0.0,5.0,0.0
828070,0.0,0.0,5.0,0.0,0.0,0.0,0.0,0.0
836480,0.0,0.0,2.0,0.0,0.0,0.0,0.0,0.0
841370,0.0,0.0,0.0,0.0,0.0,0.0,5.0,0.0
845070,0.0,0.0,3.0,0.0,0.0,0.0,0.0,3.0
848350,5.0,0.0,0.0,0.0,0.0,0.0,0.0,0.0
860910,0.0,0.0,0.0,0.0,0.0,3.0,0.0,0.0
860950,0.0,0.0,0.0,0.0,5.0,0.0,0.0,0.0
863550,2.0,0.0,0.0,2.0,4.0,0.0,0.0,0.0
865090,0.0,0.0,0.0,0.0,5.0,0.0,0.0,0.0
871720,0.0,0.0,0.0,0.0,0.0,0.0,0.0,2.0
878750,0.0,0.0,1.0,2.0,0.0,3.0,0.0,0.0
880940,0.0,0.0,0.0,0.0,0.0,0.0,5.0,0.0
883710,2.0,0.0,0.0,4.0,0.0,0.0,0.0,0.0
884660,0.0,0.0,0.0,2.0,0.0,0.0,0.0,0.0
889480,0.0,0.0,0.0,0.0,0.0,0.0,0.0,1.0
893180,0.0,0.0,5.0,0.0,0.0,0.0,0.0,0.0
899970,0.0,0.0,2.0,0.0,0.0,0.0,0.0,0.0
911400,0.0,0.0,0.0,0.0,0.0,0.0,5.0,0.0
927270,0.0,0.0,0.0,0.0,0.0,0.0,0.0,2.0
927890,0.0,0.0,0.0,5.0,0.0,5.0,0.0,0.0
939960,0.0,0.0,2.0,0.0,0.0,0.0,0.0,0.0
963690,0.0,0.0,0.0,5.0,0.0,5.0,0.0,0.0
967250,0.0,0.0,0.0,0.0,5.0,3.0,0.0,0.0
973760,1.0,0.0,0.0,0.0,0.0,0.0,0.0,0.0
998930,0.0,0.0,0.0,0.0,0.0,5.0,0.0,0.0
1004240,0.0,0.0,0.0,5.0,0.0,5.0,0.0,0.0
1008710,0.0,0.0,0.0,0.0,0.0,5.0,0.0,0.0
